id,first_name,last_name,email,gender,ip_address,salary,date_of_birth
1,Graham,Ivanenkov,givanenkov0@uiuc.edu,Male,12.58.104.199,102778,11/06/1969
2,Karlis,Ballchin,kballchin1@alibaba.com,Male,128.63.193.159,70340,10/04/1969
3,Moria,Barber,mbarber2@oaic.gov.au,Female,175.165.231.76,28931,05/03/1950
4,Leighton,Quinnette,lquinnette3@biblegateway.com,Male,21.218.156.217,20684,11/03/1985
5,Trenton,Farmiloe,tfarmiloe4@webmd.com,Male,223.133.70.216,106946,09/12/1951
6,Susi,Bedberry,sbedberry5@example.com,Female,96.200.219.25,71612,13/04/1956
7,Logan,Garroch,lgarroch6@globo.com,Male,1.59.107.85,50191,25/11/1964
8,Tobias,Critchell,tcritchell7@woothemes.com,Male,142.236.144.214,10625,12/09/1967
9,Liz,Iredell,liredell8@merriam-webster.com,Female,217.79.28.176,39018,14/12/1996
10,Alexandros,Voisey,avoisey9@hubpages.com,Male,218.174.155.26,100776,23/09/2000
11,Mina,Petts,mpettsa@eventbrite.com,Female,68.163.190.13,109862,30/04/1994
12,Anderson,Santo,asantob@slate.com,Male,220.215.127.83,50420,18/11/1960
13,Grannie,Kubala,gkubalac@biglobe.ne.jp,Male,62.157.41.105,41034,15/06/1971
14,Hughie,Trammel,htrammeld@shinystat.com,Male,173.231.53.40,56198,15/12/1977
15,Karlyn,Brehault,kbrehaulte@google.com,Female,43.138.63.152,106373,28/03/1958
16,Cilka,Baylie,cbaylief@oaic.gov.au,Female,192.91.157.28,107923,23/08/1982
17,Dannie,Yude,dyudeg@statcounter.com,Male,176.161.141.79,107931,24/03/1974
18,Colet,Foker,cfokerh@godaddy.com,Male,146.86.205.33,109750,23/06/1993
19,Martita,Cowley,mcowleyi@yahoo.co.jp,Female,151.7.239.52,89333,06/08/1985
20,Banky,Andreopolos,bandreopolosj@time.com,Male,4.233.233.202,39725,27/01/1945
21,Dinnie,Richardt,drichardtk@icq.com,Female,35.152.151.176,52878,06/10/1992
22,Bekki,Harbottle,bharbottlel@gmpg.org,Female,113.39.189.93,75818,01/11/1956
23,Lexy,Gulston,lgulstonm@moonfruit.com,Female,96.155.57.202,17477,21/05/1995
24,Moore,Brill,mbrilln@ask.com,Male,178.123.210.254,83369,06/04/1954
25,Goldina,Hegdonne,ghegdonneo@dmoz.org,Female,46.53.65.137,101300,05/08/1986
26,Silvie,Clougher,sclougherp@tamu.edu,Female,18.87.147.145,92786,26/05/1990
27,Coleen,McInulty,cmcinultyq@is.gd,Female,76.163.209.167,87956,15/05/1970
28,Sigismond,Kenwin,skenwinr@rambler.ru,Male,1.42.238.37,14551,11/05/1966
29,Keenan,Debill,kdebills@who.int,Male,223.252.8.68,60959,02/04/1973
30,Tootsie,Parmby,tparmbyt@goodreads.com,Female,231.198.239.0,76968,24/10/1992
31,Liz,Westoll,lwestollu@stumbleupon.com,Female,193.133.234.156,64137,02/06/1975
32,Kessiah,McKinstry,kmckinstryv@sohu.com,Female,106.26.97.69,60817,13/02/1974
33,Dar,Najara,dnajaraw@harvard.edu,Male,165.183.202.131,34673,11/12/1968
34,Lazarus,Jaffra,ljaffrax@prweb.com,Male,27.70.149.152,82061,30/03/1963
35,Hermina,Connold,hconnoldy@wikispaces.com,Female,183.94.225.188,101982,14/09/1989
36,Diane-marie,Quickfall,dquickfallz@buzzfeed.com,Female,126.18.135.9,67382,22/12/1981
37,Dunstan,Judkin,djudkin10@boston.com,Male,175.80.228.226,70144,03/05/1972
38,Janelle,Wozencroft,jwozencroft11@ft.com,Female,4.68.60.5,74550,21/07/1965
39,Kizzie,Bruyet,kbruyet12@godaddy.com,Female,179.46.107.133,42297,01/11/1997
40,Judd,Toffts,jtoffts13@washington.edu,Male,80.182.31.128,46901,12/09/1950
41,Keene,Duggan,kduggan14@state.gov,Male,250.83.253.63,45435,08/11/1957
42,Aloysia,Challiss,achalliss15@wiley.com,Female,174.214.79.8,79705,04/12/1998
43,Larry,Crayke,lcrayke16@comsenz.com,Male,2.15.109.224,102596,10/03/1977
44,Verena,Hearthfield,vhearthfield17@mozilla.com,Female,242.100.102.239,97487,12/11/1996
45,Dalt,Watson,dwatson18@discovery.com,Male,190.30.248.101,96199,22/08/2000
46,Berry,Nornasell,bnornasell19@patch.com,Female,64.34.110.95,80776,29/09/1986
47,Angelico,Trappe,atrappe1a@nydailynews.com,Male,174.45.23.136,60895,16/07/1980
48,Mathew,Lawleff,mlawleff1b@twitpic.com,Male,82.61.77.87,51270,10/01/1959
49,Perl,Hargroves,phargroves1c@typepad.com,Female,59.2.222.153,69092,19/04/1947
50,Petronilla,Butchart,pbutchart1d@histats.com,Female,158.122.186.25,96231,28/06/1949
51,Marabel,Danielovitch,mdanielovitch1e@oaic.gov.au,Female,58.217.147.96,65877,30/06/1990
52,Linnet,Julian,ljulian1f@cloudflare.com,Female,64.87.188.127,96948,01/12/1993
53,Robyn,Pittam,rpittam1g@hp.com,Female,43.6.244.63,89242,05/08/1981
54,Shirleen,Trewin,strewin1h@photobucket.com,Female,179.149.134.126,80896,11/03/1987
55,Benni,Greggersen,bgreggersen1i@amazonaws.com,Female,97.3.162.110,55860,23/02/1975
56,Hilly,Grennan,hgrennan1j@cdc.gov,Male,42.190.61.11,68346,08/04/1990
57,Sharona,Kelsey,skelsey1k@arizona.edu,Female,135.198.183.224,46356,02/08/1989
58,Sylvia,Marchenko,smarchenko1l@bloglines.com,Female,210.68.208.119,41730,25/10/1998
59,Pearla,Waddams,pwaddams1m@ehow.com,Female,184.250.168.247,32727,18/04/1979
60,Sarene,Postle,spostle1n@unblog.fr,Female,72.249.188.211,40580,12/01/1970
61,Alisha,Gummery,agummery1o@jimdo.com,Female,158.80.22.130,89377,15/04/1960
62,Moritz,Kolin,mkolin1p@statcounter.com,Male,0.211.141.217,82243,28/07/1995
63,Brynn,Castanaga,bcastanaga1q@eventbrite.com,Female,107.150.218.217,94927,10/03/2002
64,Tabina,Bardey,tbardey1r@squarespace.com,Female,191.116.46.211,13263,04/05/1961
65,Gabriell,Slinger,gslinger1s@google.com.hk,Female,130.169.226.201,59909,27/08/1953
66,Stacia,Handke,shandke1t@quantcast.com,Female,206.106.231.163,88960,13/06/1968
67,Arleen,Silkston,asilkston1u@tinyurl.com,Female,11.131.220.37,40236,21/12/1999
68,Fidelio,Roocroft,froocroft1v@uol.com.br,Male,58.58.83.1,102242,12/08/1951
69,Lin,Cossans,lcossans1w@pagesperso-orange.fr,Male,244.22.178.105,20442,08/11/1982
70,Elvyn,Blagden,eblagden1x@free.fr,Male,20.197.253.210,67692,11/03/1962
71,Gillie,Alvarado,galvarado1y@example.com,Female,189.108.14.109,52724,06/07/1979
72,Melisande,Robathon,mrobathon1z@sohu.com,Female,92.193.163.8,93881,25/09/1994
73,Jolene,Shoveller,jshoveller20@yellowpages.com,Female,152.185.225.72,26704,02/05/1958
74,Norrie,Bulman,nbulman21@adobe.com,Female,67.19.81.52,26003,18/08/1952
75,Erv,Hauxwell,ehauxwell22@census.gov,Male,166.117.108.46,68172,10/04/1980
76,Wrennie,Dwelling,wdwelling23@phoca.cz,Female,103.146.97.218,90628,08/11/1984
77,Clarissa,Louch,clouch24@census.gov,Female,239.107.103.17,11536,08/04/1954
78,Stesha,Gullefant,sgullefant25@printfriendly.com,Female,126.227.8.26,81254,12/07/1972
79,Keelby,Canfer,kcanfer26@java.com,Male,27.14.65.221,89435,20/01/1996
80,Adeline,Gaskell,agaskell27@freewebs.com,Female,207.144.34.236,57393,11/10/1962
81,Frieda,Elijah,felijah28@npr.org,Female,251.236.201.168,93707,12/07/1994
82,Chad,Di Biaggi,cdibiaggi29@rambler.ru,Female,234.0.216.127,22946,29/08/1951
83,Kirby,Lodovichi,klodovichi2a@feedburner.com,Male,53.115.247.85,46757,15/04/1972
84,Archibold,Telezhkin,atelezhkin2b@chronoengine.com,Male,61.62.134.119,76405,26/06/1950
85,Juliette,Garbott,jgarbott2c@slate.com,Female,254.245.172.166,66021,28/07/1977
86,Kerr,Mordy,kmordy2d@blogger.com,Male,231.34.151.58,58515,11/07/1961
87,Adham,Burgyn,aburgyn2e@sfgate.com,Male,111.170.53.147,98195,21/06/1991
88,Kathryne,Brislen,kbrislen2f@adobe.com,Female,6.53.76.85,109686,28/11/1963
89,Micheal,Usher,musher2g@telegraph.co.uk,Male,57.43.132.27,58377,15/11/1996
90,Fraze,Leigh,fleigh2h@ox.ac.uk,Male,168.166.150.251,84405,25/02/1971
91,Padget,Blakely,pblakely2i@pbs.org,Male,141.100.176.204,96167,26/04/1985
92,Frederique,Lages,flages2j@ameblo.jp,Female,193.120.247.73,75438,13/03/1997
93,Kerk,Cutchey,kcutchey2k@ca.gov,Male,233.152.123.230,102030,05/05/2001
94,Maurie,Patrick,mpatrick2l@abc.net.au,Male,182.110.81.24,62525,10/01/1991
95,Fremont,Nehlsen,fnehlsen2m@theguardian.com,Male,248.172.123.209,37955,30/07/1959
96,Ashli,Kearley,akearley2n@cam.ac.uk,Female,86.95.101.7,18436,09/12/1968
97,Bernardo,Caves,bcaves2o@1688.com,Male,237.143.210.121,22777,24/07/1978
98,Sigismundo,Beushaw,sbeushaw2p@cbc.ca,Male,219.49.59.180,102873,02/12/1976
99,Ettie,Jenkin,ejenkin2q@goo.gl,Female,15.5.252.39,27733,15/10/1961
100,Sherm,Rapson,srapson2r@storify.com,Male,178.29.249.161,55314,25/02/2001
101,Theodor,Burdett,tburdett2s@wikimedia.org,Male,129.213.87.182,87454,08/11/1973
102,Natasha,Pfaffe,npfaffe2t@blogtalkradio.com,Female,57.82.177.201,108590,02/06/1995
103,Dare,Phil,dphil2u@unblog.fr,Male,194.146.136.207,88810,04/11/1988
104,Lonnie,Schiersch,lschiersch2v@parallels.com,Male,58.186.213.239,76123,17/03/1986
105,Leonerd,Beechcraft,lbeechcraft2w@army.mil,Male,74.207.172.30,66787,01/04/1952
106,Fiona,Tucknott,ftucknott2x@marriott.com,Female,132.227.180.63,74915,29/07/1951
107,Haley,Marquese,hmarquese2y@washingtonpost.com,Male,135.189.2.207,17417,25/08/1967
108,Neysa,Wibrew,nwibrew2z@businesswire.com,Female,108.54.160.84,74909,17/09/1981
109,Mathe,Grizard,mgrizard30@chronoengine.com,Male,89.254.4.57,102623,10/01/1973
110,Loydie,Hinkins,lhinkins31@e-recht24.de,Male,66.93.142.205,54857,23/01/1953
111,Francesca,Zanolli,fzanolli32@mit.edu,Female,187.63.211.173,34099,23/01/1952
112,Agathe,Parffrey,aparffrey33@blog.com,Female,54.139.242.252,87332,19/06/1983
113,Archer,Fanti,afanti34@fc2.com,Male,139.118.215.78,25086,04/08/1952
114,Noel,Abrahamovitz,nabrahamovitz35@istockphoto.com,Female,31.35.159.212,59492,03/05/1950
115,Tallou,McKinnell,tmckinnell36@yahoo.co.jp,Female,23.252.194.179,108709,03/07/1946
116,Somerset,Scanderet,sscanderet37@youtu.be,Male,34.37.93.238,59612,21/07/1972
117,Benjie,Lathleiffure,blathleiffure38@hp.com,Male,254.119.186.164,68414,10/11/1959
118,Aluino,Pee,apee39@flickr.com,Male,159.255.66.161,87800,12/01/1985
119,Anna-maria,Trayling,atrayling3a@redcross.org,Female,47.189.245.29,108007,14/04/1968
120,Trudi,Chastand,tchastand3b@github.io,Female,122.33.193.226,32710,20/09/1954
121,Rafi,Skentelbury,rskentelbury3c@1688.com,Male,217.5.181.157,67025,19/09/1973
122,Arlin,Ferrieroi,aferrieroi3d@globo.com,Male,246.125.160.233,107248,31/08/1965
123,Early,Jeeves,ejeeves3e@gizmodo.com,Male,33.169.118.223,58628,10/02/1974
124,Connie,Aggs,caggs3f@ft.com,Female,17.184.46.247,97774,01/01/1957
125,Xaviera,Maides,xmaides3g@msn.com,Female,210.3.156.160,14498,29/10/1960
126,Marinna,Berends,mberends3h@prweb.com,Female,102.26.132.186,24413,07/10/1971
127,Geordie,Atton,gatton3i@flickr.com,Male,141.205.244.38,51219,02/08/1970
128,Geoffry,Georghiou,ggeorghiou3j@bloomberg.com,Male,124.166.25.141,34397,13/06/1974
129,Essy,Rowth,erowth3k@last.fm,Female,215.145.0.216,19938,25/11/1992
130,Geraldine,Courtin,gcourtin3l@ning.com,Female,60.44.148.34,86577,29/08/1961
131,Sutherland,Twinn,stwinn3m@npr.org,Male,183.230.48.28,83588,29/06/1960
132,Margit,Harrill,mharrill3n@xing.com,Female,215.31.133.118,93438,24/07/1962
133,Isidor,Jacop,ijacop3o@spotify.com,Male,21.38.243.177,10738,14/01/1966
134,Wandis,Peffer,wpeffer3p@toplist.cz,Female,161.125.210.75,96913,07/07/1986
135,Pacorro,Creigan,pcreigan3q@go.com,Male,191.250.111.150,46279,18/07/1952
136,Rea,Doughty,rdoughty3r@walmart.com,Female,234.29.240.5,53362,03/11/1952
137,Mab,Lowndesbrough,mlowndesbrough3s@quantcast.com,Female,14.80.118.74,86739,24/11/1988
138,Ina,Antonietti,iantonietti3t@google.it,Female,244.54.67.61,16752,21/10/1949
139,Stan,Kaspar,skaspar3u@webeden.co.uk,Male,139.95.173.233,62126,24/12/1950
140,Danila,Munroe,dmunroe3v@cnn.com,Female,118.225.59.203,74600,24/03/1951
141,Haley,Blundan,hblundan3w@sfgate.com,Male,123.41.131.42,58351,22/07/1980
142,Maxwell,Beaulieu,mbeaulieu3x@wiley.com,Male,51.12.62.151,96585,06/08/1980
143,Wylie,Henworth,whenworth3y@army.mil,Male,155.237.157.216,63184,19/12/1991
144,Nata,Hogbin,nhogbin3z@blogspot.com,Female,106.1.50.141,54043,27/09/1995
145,Jerri,Letterick,jletterick40@irs.gov,Male,88.94.12.36,38441,28/12/1983
146,Roze,Kitteringham,rkitteringham41@businesswire.com,Female,163.220.238.10,29271,22/04/1975
147,Gusty,Molian,gmolian42@istockphoto.com,Female,188.85.93.215,42283,08/03/1989
148,Emmalynn,Veart,eveart43@nsw.gov.au,Female,0.197.211.152,68923,14/12/1950
149,Mikol,Cowhig,mcowhig44@cdc.gov,Male,71.94.148.32,34752,29/08/1988
150,Maressa,Prinnett,mprinnett45@stanford.edu,Female,189.50.79.181,42563,26/11/1971
151,Nicolas,Greville,ngreville46@ezinearticles.com,Male,231.10.49.136,95682,10/06/1954
152,Bat,Boyet,bboyet47@domainmarket.com,Male,133.163.86.21,50901,31/01/1985
153,Forbes,Guille,fguille48@techcrunch.com,Male,221.37.185.192,84853,29/09/1971
154,Yetta,Burle,yburle49@ameblo.jp,Female,77.88.172.47,105664,18/04/1996
155,Daloris,Luchetti,dluchetti4a@accuweather.com,Female,22.207.181.85,35044,27/03/1974
156,Alvin,Espadas,aespadas4b@discovery.com,Male,27.51.109.90,66434,16/05/1986
157,Hasty,Porrett,hporrett4c@constantcontact.com,Male,243.231.73.240,38073,14/02/1967
158,Kermie,Brideau,kbrideau4d@china.com.cn,Male,46.79.214.174,18071,14/04/1999
159,Jillane,Coundley,jcoundley4e@lulu.com,Female,131.75.43.75,50067,29/06/1989
160,Packston,Whate,pwhate4f@wordpress.org,Male,245.221.236.180,48674,08/03/1947
161,Marten,Gorler,mgorler4g@berkeley.edu,Male,136.240.84.123,76775,24/01/2001
162,Terry,Weavill,tweavill4h@webnode.com,Male,128.41.244.95,20420,02/02/1988
163,Melisande,Ost,most4i@pen.io,Female,212.16.232.255,88959,11/10/1994
164,Tynan,Godwin,tgodwin4j@state.tx.us,Male,174.138.92.211,81768,05/08/1960
165,Emilie,Gaythorpe,egaythorpe4k@cdc.gov,Female,21.182.89.212,107314,22/05/1989
166,Happy,Cullotey,hcullotey4l@wiley.com,Female,100.123.184.243,84857,24/12/1998
167,Douglas,Deville,ddeville4m@pbs.org,Male,212.99.159.145,104048,19/03/1945
168,Archy,Kellen,akellen4n@washington.edu,Male,209.161.236.138,89004,20/11/1983
169,Kettie,Bottjer,kbottjer4o@fc2.com,Female,152.22.118.61,81352,30/03/1984
170,Ilise,Cholerton,icholerton4p@cyberchimps.com,Female,39.113.252.26,91768,03/08/1997
171,Curt,Prozescky,cprozescky4q@cornell.edu,Male,65.213.136.250,25712,22/11/1983
172,Ruggiero,Jouanet,rjouanet4r@who.int,Male,92.3.187.139,11949,27/08/1962
173,Fernando,Ramsbottom,framsbottom4s@youku.com,Male,59.226.32.86,37881,17/07/1980
174,Fredrick,Geely,fgeely4t@xinhuanet.com,Male,139.190.241.131,79934,15/08/1962
175,Pate,Martinuzzi,pmartinuzzi4u@oracle.com,Male,182.250.164.200,89733,11/10/1984
176,Kaleena,Davidovits,kdavidovits4v@skyrock.com,Female,126.228.113.180,80902,15/06/1969
177,Alejoa,Cancellor,acancellor4w@umich.edu,Male,117.255.237.8,26325,09/03/1995
178,Tania,Tourmell,ttourmell4x@gmpg.org,Female,73.144.232.228,98476,25/07/1967
179,Mycah,Godfery,mgodfery4y@liveinternet.ru,Male,18.156.182.211,38931,17/02/1984
180,Rory,Wathall,rwathall4z@github.com,Female,60.82.29.227,24417,24/09/1951
181,Victoir,Barenski,vbarenski50@dell.com,Male,231.246.145.184,99232,07/04/1952
182,Dionis,Bulmer,dbulmer51@360.cn,Female,77.184.120.255,20132,29/09/1991
183,Jarib,Bunstone,jbunstone52@yellowpages.com,Male,138.190.47.106,24809,21/04/1996
184,Merl,Lummasana,mlummasana53@arstechnica.com,Female,54.215.64.219,52994,10/10/1985
185,Rasia,Stockall,rstockall54@behance.net,Female,206.249.167.108,76195,17/11/1963
186,Simmonds,Balls,sballs55@tuttocitta.it,Male,134.98.8.31,82494,10/07/1948
187,Bill,Leftley,bleftley56@elpais.com,Male,3.162.26.79,55884,18/06/1970
188,Ileana,Brickhill,ibrickhill57@cbslocal.com,Female,129.185.39.22,66330,29/05/1976
189,Barclay,Dowman,bdowman58@seesaa.net,Male,155.168.248.184,32622,14/09/1978
190,Guillermo,Pettko,gpettko59@histats.com,Male,213.25.1.114,78844,02/02/1964
191,Milena,Bodycote,mbodycote5a@freewebs.com,Female,151.84.71.205,99712,21/06/1956
192,Vaughn,Foggarty,vfoggarty5b@chron.com,Male,128.33.218.68,89943,21/01/1948
193,Bar,Ollerearnshaw,bollerearnshaw5c@mapquest.com,Male,95.207.42.121,42847,12/08/1983
194,Garrard,Biasio,gbiasio5d@abc.net.au,Male,43.3.252.201,50059,17/12/1960
195,Christiana,Jiruca,cjiruca5e@amazon.de,Female,108.83.11.31,63587,10/12/1952
196,Derrek,Eisold,deisold5f@dailymotion.com,Male,32.142.180.252,46858,29/06/1997
197,Nissie,Tuckie,ntuckie5g@yellowpages.com,Female,167.182.25.171,37294,12/01/1981
198,Renard,Wardrop,rwardrop5h@sohu.com,Male,208.173.173.204,49778,04/10/1988
199,Brandi,Kolakowski,bkolakowski5i@boston.com,Female,255.144.107.178,43052,01/11/1974
200,Nevsa,Goulding,ngoulding5j@vk.com,Female,173.99.110.187,55420,16/10/1952
201,Herminia,Holde,hholde5k@rambler.ru,Female,47.154.125.248,107429,08/11/1985
202,Meryl,Healeas,mhealeas5l@ameblo.jp,Female,192.251.37.193,61152,27/01/1995
203,Jerrie,Bartolini,jbartolini5m@networkadvertising.org,Male,129.79.10.154,32633,13/12/1988
204,Odessa,Tracy,otracy5n@blogger.com,Female,196.102.238.174,104979,26/11/1952
205,Gwyneth,Wombwell,gwombwell5o@washington.edu,Female,56.129.252.248,53315,06/05/1979
206,Eleanor,Cleaveland,ecleaveland5p@marriott.com,Female,5.27.132.209,57770,25/05/1950
207,Rona,Logie,rlogie5q@reuters.com,Female,179.172.125.39,68709,11/10/1951
208,Nanete,Georgi,ngeorgi5r@over-blog.com,Female,37.160.170.205,32152,09/01/1993
209,Roxi,Poate,rpoate5s@miitbeian.gov.cn,Female,232.39.149.0,26328,28/11/1970
210,Clerissa,Tabourin,ctabourin5t@xrea.com,Female,11.47.175.196,20740,07/09/1994
211,Walker,Arsmith,warsmith5u@alibaba.com,Male,222.84.184.142,102438,25/08/1967
212,Gibby,Braunes,gbraunes5v@is.gd,Male,125.136.177.82,16190,24/12/1971
213,Flor,Cawsey,fcawsey5w@cargocollective.com,Female,109.158.92.32,15776,21/03/1988
214,Giorgi,Alexandrou,galexandrou5x@amazonaws.com,Male,167.180.184.108,87592,31/08/1961
215,Abie,Saenz,asaenz5y@webnode.com,Male,13.26.96.94,44571,07/01/1974
216,Gradeigh,Kaas,gkaas5z@printfriendly.com,Male,245.118.199.11,30088,26/07/1960
217,Gay,Rowles,growles60@list-manage.com,Female,133.146.154.231,50742,16/03/1994
218,Lexy,Byfield,lbyfield61@google.com,Female,195.49.88.153,65434,02/08/1971
219,Fransisco,Mayston,fmayston62@weibo.com,Male,167.73.242.213,26679,02/05/1973
220,Adore,Triplow,atriplow63@de.vu,Female,236.140.92.166,98625,08/06/1972
221,Angelique,Hartfleet,ahartfleet64@netlog.com,Female,41.133.217.146,94478,26/09/1967
222,Dalston,Blade,dblade65@cafepress.com,Male,100.101.127.27,75573,12/07/1969
223,Cordey,Nurcombe,cnurcombe66@nih.gov,Female,158.27.164.170,16449,31/08/1979
224,Todd,Ranaghan,tranaghan67@uol.com.br,Male,98.44.151.37,53983,04/05/1946
225,Gale,Heineking,gheineking68@indiegogo.com,Male,194.133.162.165,55382,04/05/1957
226,Hagan,Tingle,htingle69@sogou.com,Male,253.198.167.149,70543,15/06/1952
227,Gilbert,Swainston,gswainston6a@xing.com,Male,95.200.166.37,15766,09/09/1972
228,Ermin,Beaze,ebeaze6b@mozilla.com,Male,179.238.51.6,99594,10/02/1966
229,Weston,Simnett,wsimnett6c@cmu.edu,Male,137.161.18.59,33284,11/04/1968
230,Hiram,Alderson,halderson6d@toplist.cz,Male,152.2.132.31,77311,14/06/1945
231,Eldridge,Insole,einsole6e@nih.gov,Male,39.233.49.9,66771,13/07/1954
232,Rhianna,Boycott,rboycott6f@hhs.gov,Female,161.79.171.187,85760,26/12/1982
233,Marylou,Elcombe,melcombe6g@bluehost.com,Female,143.67.106.171,11954,16/05/1946
234,Heidie,O' Dornan,hodornan6h@va.gov,Female,73.139.150.110,19374,16/11/1977
235,Zelig,Russan,zrussan6i@hhs.gov,Male,82.173.194.38,73397,05/04/1975
236,Mary,Roney,mroney6j@theatlantic.com,Female,99.145.177.162,66815,24/01/1964
237,Adi,Giottoi,agiottoi6k@eepurl.com,Female,245.162.242.124,30845,30/01/1967
238,Milli,Alberti,malberti6l@smh.com.au,Female,209.7.153.149,18122,05/10/1997
239,Skelly,Tilzey,stilzey6m@salon.com,Male,215.134.34.138,92785,17/03/1969
240,Tiler,Kyle,tkyle6n@live.com,Male,81.13.222.91,69279,29/04/1968
241,Emmet,Hyne,ehyne6o@youtube.com,Male,127.35.149.113,34048,31/10/1966
242,Kaitlyn,Tomalin,ktomalin6p@paginegialle.it,Female,163.117.217.53,93140,21/03/1976
243,Ferdinanda,Duckitt,fduckitt6q@istockphoto.com,Female,19.244.164.221,103026,16/12/1950
244,Melany,Szymoni,mszymoni6r@twitter.com,Female,86.20.230.73,100249,12/05/1984
245,Howard,Vignal,hvignal6s@slashdot.org,Male,166.132.0.179,81343,03/02/1969
246,Lanette,Moogan,lmoogan6t@flickr.com,Female,253.29.87.55,17062,08/03/1951
247,Suzi,de Vaen,sdevaen6u@icq.com,Female,97.38.6.220,76297,28/02/1953
248,Jobi,Shearer,jshearer6v@rakuten.co.jp,Female,44.62.146.215,64648,13/01/2002
249,Marney,Chalcroft,mchalcroft6w@xrea.com,Female,222.157.230.140,38637,13/12/1994
250,Vanya,Vellacott,vvellacott6x@utexas.edu,Male,244.167.216.160,19877,31/08/1950
251,Kerwin,Boc,kboc6y@feedburner.com,Male,28.10.54.201,21302,25/11/1992
252,Loydie,Gyurkovics,lgyurkovics6z@usatoday.com,Male,183.101.211.194,29441,18/06/1985
253,Ailene,Grimster,agrimster70@amazon.com,Female,51.159.5.229,44075,05/10/1964
254,Antoni,Trubshawe,atrubshawe71@typepad.com,Male,6.95.41.161,50327,02/10/1974
255,Susi,Daniels,sdaniels72@wikipedia.org,Female,26.241.158.53,29387,01/07/1974
256,Delora,Swiers,dswiers73@slideshare.net,Female,231.111.168.81,21801,02/09/1981
257,Carma,Gillie,cgillie74@mapy.cz,Female,5.42.165.244,94865,20/12/1955
258,Kellen,Ogle,kogle75@google.com.hk,Female,217.144.54.42,96742,10/04/1955
259,Pacorro,Kisby,pkisby76@seesaa.net,Male,231.236.251.22,102411,12/10/1986
260,Yule,Lemoir,ylemoir77@slideshare.net,Male,134.27.124.238,89332,20/03/1958
261,Tessy,Pairpoint,tpairpoint78@rediff.com,Female,84.77.235.113,109983,17/01/1999
262,Emmett,Gillean,egillean79@freewebs.com,Male,249.1.159.21,96776,18/05/1979
263,Reider,Saladino,rsaladino7a@howstuffworks.com,Male,223.32.52.178,32733,27/07/1995
264,Kylynn,MacCroary,kmaccroary7b@scientificamerican.com,Female,232.248.43.195,98119,10/12/1984
265,Kaleb,Mitchiner,kmitchiner7c@addtoany.com,Male,255.95.176.251,97396,17/12/1954
266,Sargent,Gadman,sgadman7d@engadget.com,Male,227.32.172.82,46245,22/09/2001
267,Merle,Fishbourn,mfishbourn7e@cam.ac.uk,Male,94.180.182.246,26512,12/02/1990
268,Corrie,Bris,cbris7f@bravesites.com,Female,16.219.28.35,14939,24/09/2002
269,Leila,Tregido,ltregido7g@sogou.com,Female,237.2.230.77,77953,05/05/1959
270,Sande,Challinor,schallinor7h@qq.com,Female,96.44.132.19,63445,29/01/1984
271,Candra,Halgarth,chalgarth7i@sogou.com,Female,6.21.47.152,82058,16/08/2000
272,Gillian,Penrice,gpenrice7j@sogou.com,Female,245.101.50.218,23992,05/04/1993
273,Allison,Chawkley,achawkley7k@apple.com,Female,121.31.17.158,16131,26/05/1993
274,Morse,Brumble,mbrumble7l@ebay.co.uk,Male,192.176.86.240,29778,17/01/1967
275,Patrizio,Jancey,pjancey7m@salon.com,Male,135.147.147.142,104161,21/10/1965
276,Krista,Lyster,klyster7n@washington.edu,Female,6.183.129.143,15429,30/09/1981
277,Harlie,Coard,hcoard7o@posterous.com,Female,145.40.113.82,16204,07/02/1949
278,Masha,Puckett,mpuckett7p@theatlantic.com,Female,47.5.56.124,64742,25/08/1981
279,Will,Mallinson,wmallinson7q@over-blog.com,Male,6.122.174.26,35617,25/01/1984
280,Rhiamon,McGiven,rmcgiven7r@thetimes.co.uk,Female,220.108.253.237,76247,04/05/1997
281,Beatrix,Laying,blaying7s@amazon.com,Female,108.111.166.144,16514,06/02/1960
282,Cathleen,Hindrick,chindrick7t@wikipedia.org,Female,5.42.148.199,66708,28/04/1947
283,Dorelle,Jerman,djerman7u@shutterfly.com,Female,241.206.128.185,90385,16/01/1982
284,Dasie,Whittock,dwhittock7v@php.net,Female,105.73.32.186,96176,21/12/1955
285,Karlan,Edgcombe,kedgcombe7w@wisc.edu,Male,180.251.123.183,40968,22/05/1948
286,Eddie,Dawidsohn,edawidsohn7x@typepad.com,Female,213.254.54.89,64478,02/11/1990
287,Jessee,Carrell,jcarrell7y@wunderground.com,Male,243.62.164.161,76979,16/10/1987
288,Marchall,Ginger,mginger7z@wikipedia.org,Male,242.246.151.85,58726,09/01/1993
289,Carlo,Beenham,cbeenham80@sourceforge.net,Male,47.188.31.223,21122,15/12/1964
290,Shea,Niezen,sniezen81@hc360.com,Female,141.126.84.224,105577,30/09/1995
291,Hilly,Willows,hwillows82@usa.gov,Male,193.169.95.202,54235,16/04/1992
292,Alain,Breslau,abreslau83@dmoz.org,Male,0.217.107.252,54582,10/06/1975
293,Lorettalorna,Sebley,lsebley84@sakura.ne.jp,Female,135.99.43.27,65619,15/10/1994
294,Vinny,Shoveller,vshoveller85@macromedia.com,Female,138.231.92.228,53405,11/02/1980
295,Loren,Leese,lleese86@google.cn,Female,189.172.121.85,38857,16/04/1966
296,Ty,Mattacks,tmattacks87@nbcnews.com,Male,16.84.159.234,31691,02/01/1995
297,Minda,Melody,mmelody88@creativecommons.org,Female,251.191.0.255,22403,02/04/1975
298,Eliot,Glozman,eglozman89@marriott.com,Male,48.101.35.96,35079,11/07/1956
299,Clarabelle,Greenhead,cgreenhead8a@ehow.com,Female,207.112.217.27,34357,15/05/1959
300,Bamby,Quinnelly,bquinnelly8b@stanford.edu,Female,224.107.130.45,89365,05/05/1972
301,Noach,Benediktsson,nbenediktsson8c@nba.com,Male,43.77.187.188,97897,10/01/1959
302,Dotti,Mustoo,dmustoo8d@youku.com,Female,152.34.161.197,24837,01/01/1945
303,Barry,Vigus,bvigus8e@forbes.com,Male,83.167.128.235,20218,12/10/2002
304,Celina,Farmar,cfarmar8f@bandcamp.com,Female,56.206.145.71,32364,11/07/1976
305,Fayette,Hulles,fhulles8g@clickbank.net,Female,189.137.50.144,41163,31/07/1988
306,Winna,Flacknell,wflacknell8h@mozilla.com,Female,72.54.105.26,95658,16/09/1956
307,Alfred,Maddams,amaddams8i@oakley.com,Male,95.227.185.24,46532,29/10/1954
308,Waylan,Camois,wcamois8j@zimbio.com,Male,189.95.178.5,104568,20/10/1957
309,Tanitansy,Duetschens,tduetschens8k@yelp.com,Female,198.70.167.175,85355,31/01/1997
310,Coreen,Dysert,cdysert8l@cpanel.net,Female,236.112.215.101,99016,15/02/1985
311,Tirrell,Andrick,tandrick8m@ftc.gov,Male,228.140.95.255,81294,04/12/1979
312,Magnum,Derrett,mderrett8n@wufoo.com,Male,111.12.83.26,71216,18/11/1972
313,Priscilla,Spaight,pspaight8o@businessinsider.com,Female,131.215.185.216,105279,30/12/1945
314,Rolfe,Durning,rdurning8p@hud.gov,Male,226.61.0.116,109964,17/12/1994
315,Liuka,Manie,lmanie8q@ezinearticles.com,Female,24.118.125.91,91562,10/05/1971
316,Doti,Wanne,dwanne8r@icq.com,Female,45.34.243.79,61188,02/02/1994
317,Nap,Kleuer,nkleuer8s@smugmug.com,Male,155.13.180.210,47072,20/10/1958
318,Buiron,Vasiltsov,bvasiltsov8t@scribd.com,Male,157.25.225.216,17478,12/10/1995
319,Gustav,Alasdair,galasdair8u@studiopress.com,Male,200.134.239.177,79670,15/06/1965
320,Cale,Delagua,cdelagua8v@mapquest.com,Male,223.43.216.34,74055,28/10/1992
321,Jerad,Bonnavant,jbonnavant8w@skyrock.com,Male,250.105.146.116,109740,10/11/2002
322,Gregorio,Sparshatt,gsparshatt8x@china.com.cn,Male,220.183.129.41,81423,25/06/1962
323,Inesita,Langstaff,ilangstaff8y@jiathis.com,Female,190.207.109.223,93432,29/02/1988
324,Gerard,Chad,gchad8z@reuters.com,Male,165.140.16.127,78134,28/08/1994
325,Leese,Aylett,laylett90@wp.com,Female,113.162.33.192,90443,20/07/1955
326,Colver,Weston,cweston91@cornell.edu,Male,85.32.65.255,50915,08/06/1945
327,Kristan,Boarleyson,kboarleyson92@sina.com.cn,Female,222.55.37.236,96792,30/12/1960
328,Tye,Djokovic,tdjokovic93@drupal.org,Male,232.4.250.62,38180,12/03/2001
329,Dall,Children,dchildren94@about.com,Male,83.80.95.29,33350,12/07/1997
330,Maurine,Tedorenko,mtedorenko95@google.pl,Female,121.127.10.30,60477,13/05/1959
331,Olvan,McGlaud,omcglaud96@mlb.com,Male,83.243.33.80,46610,16/09/1989
332,Lamar,Grundey,lgrundey97@noaa.gov,Male,88.0.26.85,47802,25/03/1946
333,Glad,Wittier,gwittier98@elegantthemes.com,Female,18.123.213.218,26221,12/04/1952
334,Mallissa,Wahlberg,mwahlberg99@clickbank.net,Female,181.9.57.158,91562,15/09/1974
335,Barney,Regglar,bregglar9a@huffingtonpost.com,Male,252.18.80.213,98498,30/09/1996
336,Ringo,Spore,rspore9b@cnn.com,Male,8.7.243.195,108430,27/11/1989
337,Massimo,Shah,mshah9c@bbc.co.uk,Male,169.219.95.161,42129,05/06/1976
338,Rivi,Rushford,rrushford9d@washingtonpost.com,Female,249.0.246.65,36393,15/08/1969
339,Orly,Jennions,ojennions9e@smh.com.au,Female,172.251.145.18,68986,13/01/1948
340,Ignace,Heamus,iheamus9f@businesswire.com,Male,132.25.76.31,27228,07/05/1986
341,Judd,Alfuso,jalfuso9g@a8.net,Male,227.236.60.97,82188,28/04/1974
342,Cale,Staner,cstaner9h@gizmodo.com,Male,138.30.3.195,55449,14/05/1993
343,Dionysus,Francesco,dfrancesco9i@dailymail.co.uk,Male,179.105.28.148,55844,25/03/2000
344,Si,Cabbell,scabbell9j@eventbrite.com,Male,247.191.172.94,68337,10/06/1961
345,Rod,Achurch,rachurch9k@altervista.org,Male,28.25.194.245,81755,13/03/1997
346,Brittney,Lamonby,blamonby9l@usgs.gov,Female,26.148.185.109,67503,24/02/1973
347,Karrie,Gelly,kgelly9m@cnn.com,Female,85.177.166.8,37438,03/08/1957
348,Dayle,Duckett,dduckett9n@godaddy.com,Female,65.3.147.94,109916,09/08/1970
349,Gonzales,Carleton,gcarleton9o@gnu.org,Male,147.64.122.171,77235,20/09/1962
350,Darius,Brigham,dbrigham9p@joomla.org,Male,112.144.192.244,61245,21/04/1995
351,Corey,Chadburn,cchadburn9q@digg.com,Male,13.53.255.255,23753,21/08/1969
352,Cristie,Nolan,cnolan9r@microsoft.com,Female,197.75.149.100,61678,20/09/1999
353,Prudi,Giffin,pgiffin9s@rediff.com,Female,178.59.249.27,21144,13/06/1972
354,Torr,Humm,thumm9t@t.co,Male,35.133.67.125,44262,01/12/1966
355,Hetty,Colafate,hcolafate9u@go.com,Female,161.16.168.88,95549,12/11/1990
356,Lazare,Gritskov,lgritskov9v@exblog.jp,Male,175.215.6.126,92764,05/01/1957
357,Aldous,Rosedale,arosedale9w@storify.com,Male,120.62.102.36,20299,06/12/1974
358,Corby,Moulds,cmoulds9x@discovery.com,Male,65.86.84.64,14378,16/03/1966
359,Falkner,Jouannin,fjouannin9y@1688.com,Male,100.123.250.139,93135,03/01/1996
360,Bonita,MacDonough,bmacdonough9z@about.me,Female,95.63.69.198,34515,25/06/1967
361,Rolph,Crossan,rcrossana0@chron.com,Male,205.95.216.226,89299,13/05/1996
362,Peder,Serrier,pserriera1@wikimedia.org,Male,115.223.21.168,103791,10/11/1979
363,Colly,Nell,cnella2@mlb.com,Female,101.5.13.131,71438,08/11/1956
364,Darda,Heeley,dheeleya3@edublogs.org,Female,81.106.184.10,89493,27/06/1962
365,Edd,Norquay,enorquaya4@pinterest.com,Male,91.13.17.181,10009,03/09/1977
366,Bili,Reiach,breiacha5@newyorker.com,Female,150.143.53.0,82539,27/09/1950
367,Minni,Jaspar,mjaspara6@ucoz.ru,Female,117.145.197.73,86875,12/03/1978
368,Lind,McClurg,lmcclurga7@psu.edu,Female,109.49.17.219,57886,15/03/1990
369,Jessamyn,Croci,jcrocia8@bing.com,Female,220.223.59.244,68963,05/04/1972
370,Sharl,Chadbourne,schadbournea9@oracle.com,Female,247.119.146.61,21252,15/11/1961
371,Joshia,Petrak,jpetrakaa@unicef.org,Male,204.179.124.37,19584,26/08/1956
372,Nikki,Mallalieu,nmallalieuab@nhs.uk,Male,212.226.243.82,72401,25/08/1948
373,Reamonn,MacIntosh,rmacintoshac@vimeo.com,Male,210.4.55.129,52711,08/10/1962
374,Mayor,Mottershead,mmottersheadad@usgs.gov,Male,32.241.134.65,94587,11/05/1979
375,Seka,Mazzilli,smazzilliae@go.com,Female,196.177.85.171,94365,10/08/1976
376,Robinet,Wasylkiewicz,rwasylkiewiczaf@bizjournals.com,Female,49.12.97.43,74753,19/06/1962
377,Gardener,Dryburgh,gdryburghag@imgur.com,Male,130.166.26.84,86897,23/11/1976
378,Brnaby,Stiggers,bstiggersah@examiner.com,Male,76.68.235.149,45896,16/12/1985
379,Reggy,McColm,rmccolmai@elegantthemes.com,Male,243.35.209.4,78257,22/02/1979
380,Mar,Tout,mtoutaj@ebay.com,Male,109.85.122.82,79443,19/02/1968
381,Orrin,Measey,omeaseyak@mtv.com,Male,161.185.229.223,75768,10/04/1972
382,Reynolds,Reignard,rreignardal@alibaba.com,Male,193.145.32.26,57669,30/11/1973
383,Elaine,Dowbakin,edowbakinam@google.ca,Female,43.255.203.33,57259,29/06/1989
384,Ardath,Spoor,aspooran@smh.com.au,Female,67.167.232.192,89431,05/03/1993
385,Jehanna,Girardy,jgirardyao@cam.ac.uk,Female,142.75.72.160,64550,31/01/1964
386,Hart,Osler,hoslerap@ted.com,Male,76.253.180.167,64897,25/05/1994
387,Gawain,Izatt,gizattaq@tinypic.com,Male,27.16.177.168,65786,31/12/1963
388,Inness,Cheverell,icheverellar@umich.edu,Male,240.243.80.157,35993,28/09/1989
389,Merline,Binham,mbinhamas@instagram.com,Female,165.186.145.165,51239,03/09/1977
390,Prinz,Bruster,pbrusterat@nymag.com,Male,56.42.216.147,81002,05/05/1983
391,Bamby,Kender,bkenderau@fastcompany.com,Female,151.135.205.236,28152,30/09/1989
392,Ede,Bofield,ebofieldav@yahoo.com,Female,165.128.104.50,58428,11/01/1976
393,Gustavo,Needham,gneedhamaw@drupal.org,Male,3.73.172.165,51689,05/08/1983
394,Mar,Roullier,mroullierax@amazon.co.jp,Male,38.101.216.59,46629,10/05/1981
395,Maressa,Forst,mforstay@slate.com,Female,128.4.163.236,95606,20/01/1981
396,Dedra,Cobbledick,dcobbledickaz@mashable.com,Female,194.73.239.86,84742,24/12/1956
397,Son,Duckerin,sduckerinb0@theglobeandmail.com,Male,3.100.54.44,39188,17/02/1985
398,Cullie,Ornils,cornilsb1@blogs.com,Male,35.72.3.135,89654,09/07/1951
399,Udell,O' Liddy,uoliddyb2@friendfeed.com,Male,13.44.243.252,107956,28/08/1978
400,Emyle,Longstreeth,elongstreethb3@nbcnews.com,Female,24.197.17.155,44835,13/08/1970
401,Tyrone,Buntine,tbuntineb4@bluehost.com,Male,221.211.251.33,74736,29/03/1983
402,Brady,O'dell,bodellb5@timesonline.co.uk,Male,167.149.10.166,99656,12/01/1948
403,Emanuel,Vaughan,evaughanb6@typepad.com,Male,135.94.208.201,59445,06/04/1951
404,Adelle,Batteson,abattesonb7@wired.com,Female,156.148.98.84,52885,21/12/2000
405,Vinny,Rennicks,vrennicksb8@utexas.edu,Female,38.130.45.163,69290,16/11/1945
406,Jeni,Kirkbride,jkirkbrideb9@boston.com,Female,148.167.148.214,13693,02/06/1999
407,Tiffanie,Gillcrist,tgillcristba@walmart.com,Female,202.241.248.236,25727,04/11/1953
408,Eleanore,Easeman,eeasemanbb@last.fm,Female,6.102.183.138,61621,25/06/1974
409,Karel,Jakes,kjakesbc@naver.com,Male,19.12.255.219,30350,22/10/1967
410,Celestine,Olifard,colifardbd@dagondesign.com,Female,152.202.80.50,93800,04/05/1980
411,Marve,Perassi,mperassibe@imageshack.us,Male,29.122.76.103,83253,20/11/1952
412,Tina,Vannoort,tvannoortbf@xing.com,Female,218.40.148.161,40220,27/09/1998
413,Radcliffe,Fonquernie,rfonquerniebg@blog.com,Male,203.113.27.223,37607,01/06/1981
414,Amata,Beazley,abeazleybh@artisteer.com,Female,125.137.249.159,12649,27/07/1946
415,Devin,Gianninotti,dgianninottibi@who.int,Female,156.230.143.209,27968,10/09/1954
416,Harcourt,Caruth,hcaruthbj@flickr.com,Male,27.238.171.149,96623,11/02/1991
417,Korie,Pumfrett,kpumfrettbk@buzzfeed.com,Female,242.173.226.20,26999,16/09/1961
418,Sybyl,Crompton,scromptonbl@nyu.edu,Female,37.138.40.220,64941,12/04/1995
419,Gay,Elcomb,gelcombbm@mlb.com,Female,147.101.157.77,87719,04/07/2001
420,Cati,Brien,cbrienbn@foxnews.com,Female,206.123.164.203,17203,10/05/1999
421,Ellene,Zincke,ezinckebo@aboutads.info,Female,7.182.97.33,43613,12/09/1974
422,Patty,Dowle,pdowlebp@wordpress.com,Female,216.111.192.132,42169,30/03/1969
423,Farlee,Crissil,fcrissilbq@buzzfeed.com,Male,11.88.151.253,102162,20/11/1957
424,Rick,Duggon,rduggonbr@51.la,Male,217.86.138.28,26754,09/10/1962
425,Finn,Ludye,fludyebs@columbia.edu,Male,244.62.234.89,24650,27/12/1955
426,Kenny,Antalffy,kantalffybt@unicef.org,Male,239.97.128.108,109681,22/12/1983
427,Sandro,Curman,scurmanbu@telegraph.co.uk,Male,214.219.13.0,104299,08/04/1980
428,Victoir,Kenwright,vkenwrightbv@sciencedaily.com,Male,40.190.251.252,74514,04/08/1993
429,Nathanael,Goodliff,ngoodliffbw@shutterfly.com,Male,116.34.26.208,52867,10/06/1945
430,Gamaliel,Hiskey,ghiskeybx@is.gd,Male,75.80.101.15,108086,01/02/1994
431,Emory,Fagan,efaganby@wunderground.com,Male,170.147.252.151,20077,11/01/1987
432,Filippo,Cuncliffe,fcuncliffebz@cnet.com,Male,183.127.204.147,16699,07/04/1945
433,Edithe,Romanini,eromaninic0@blogtalkradio.com,Female,29.135.119.41,85448,03/11/1984
434,Omero,McGowran,omcgowranc1@so-net.ne.jp,Male,104.29.166.184,87700,08/07/1979
435,Gillian,Crease,gcreasec2@wikia.com,Female,147.109.194.20,108880,17/12/1979
436,Thacher,Yateman,tyatemanc3@gnu.org,Male,107.200.31.171,29499,05/07/1994
437,Rik,Tullett,rtullettc4@lycos.com,Male,163.93.195.240,81109,25/12/1987
438,Gideon,Prince,gprincec5@hp.com,Male,35.131.37.112,106254,12/07/1958
439,Biddy,De Santos,bdesantosc6@godaddy.com,Female,127.28.112.37,37485,11/04/1968
440,Byrle,Myerscough,bmyerscoughc7@bravesites.com,Male,120.85.221.225,103893,08/04/1986
441,Allen,MacGille,amacgillec8@netscape.com,Male,27.250.74.192,92785,24/04/1953
442,Livvy,Fawdrie,lfawdriec9@51.la,Female,3.40.142.58,79176,19/01/1952
443,Amelina,Wilsher,awilsherca@histats.com,Female,119.211.103.93,15284,28/07/1968
444,Kennedy,Simnell,ksimnellcb@wordpress.com,Male,242.130.200.19,92038,02/01/1949
445,Imogene,MacCosty,imaccostycc@wordpress.com,Female,249.39.190.137,14990,22/05/1996
446,Ericha,McGilvra,emcgilvracd@bizjournals.com,Female,187.215.224.44,91742,14/02/1964
447,Eugenio,Brazener,ebrazenerce@google.ca,Male,84.27.252.32,53693,17/04/1947
448,Duane,Walstow,dwalstowcf@java.com,Male,153.113.73.158,41531,30/06/1946
449,Harland,Du Fray,hdufraycg@dyndns.org,Male,224.94.129.206,73199,16/02/1984
450,Kristos,Sellman,ksellmanch@imdb.com,Male,242.129.162.158,96714,02/02/1954
451,Johnnie,Rummings,jrummingsci@foxnews.com,Male,247.255.195.154,101019,28/01/1998
452,Dana,Baraclough,dbaracloughcj@webmd.com,Male,59.41.151.0,56737,05/03/1977
453,Babbie,Twelvetree,btwelvetreeck@wsj.com,Female,225.76.6.254,10509,12/09/1999
454,Shane,Hinz,shinzcl@istockphoto.com,Male,124.180.9.93,11723,02/12/1954
455,Loria,Habbon,lhabboncm@vistaprint.com,Female,181.204.8.193,16306,09/06/1986
456,Giffie,Matej,gmatejcn@mediafire.com,Male,199.106.36.101,65587,09/11/1979
457,Wolfy,Karolowski,wkarolowskico@desdev.cn,Male,188.148.23.140,65234,26/10/1978
458,Faun,Rodders,frodderscp@businessinsider.com,Female,37.61.103.77,37320,26/05/1965
459,Sollie,Speares,sspearescq@pagesperso-orange.fr,Male,239.138.210.224,78924,24/10/1988
460,Hewitt,Goodchild,hgoodchildcr@miitbeian.gov.cn,Male,221.11.64.109,96183,23/06/1968
461,Oliy,Ellington,oellingtoncs@seesaa.net,Female,64.146.53.47,105152,07/05/1977
462,Aldridge,Saintpierre,asaintpierrect@cloudflare.com,Male,144.12.20.150,15881,03/10/1975
463,Maurie,Kerkham,mkerkhamcu@xrea.com,Male,214.161.60.210,56863,04/04/1955
464,Brose,Kirke,bkirkecv@hatena.ne.jp,Male,94.11.146.160,18931,15/05/1977
465,Rozalin,Barlace,rbarlacecw@slashdot.org,Female,111.131.59.65,54931,13/03/1958
466,Saundra,Boodle,sboodlecx@thetimes.co.uk,Male,251.194.167.40,69889,15/05/1962
467,Norbert,Yitzhakof,nyitzhakofcy@ftc.gov,Male,242.91.34.72,98266,14/12/1966
468,Adrea,Pottberry,apottberrycz@cnn.com,Female,115.222.85.156,18227,27/07/1954
469,Gwennie,Maffioletti,gmaffiolettid0@thetimes.co.uk,Female,211.143.250.125,109714,10/06/1973
470,Kevyn,Boays,kboaysd1@so-net.ne.jp,Female,55.191.90.153,102393,27/08/1982
471,Allister,Bernaciak,abernaciakd2@seattletimes.com,Male,211.197.250.70,102464,20/05/1948
472,Dannie,Natt,dnattd3@eventbrite.com,Male,0.156.139.165,37218,12/07/1987
473,Warner,Brozek,wbrozekd4@instagram.com,Male,45.123.159.16,49366,09/07/1967
474,Raymund,MacTurlough,rmacturloughd5@businessweek.com,Male,25.63.94.220,13618,22/04/1968
475,Karyn,McCord,kmccordd6@cloudflare.com,Female,106.73.141.253,20404,28/01/1999
476,Jocelyne,Piell,jpielld7@plala.or.jp,Female,41.96.155.40,91056,15/10/1977
477,Zak,Manchester,zmanchesterd8@gov.uk,Male,156.133.99.110,11353,26/07/1975
478,Abbi,Southwood,asouthwoodd9@businessinsider.com,Female,230.5.87.85,27059,24/05/1983
479,Maris,Wintringham,mwintringhamda@aol.com,Female,135.245.152.95,56547,30/06/1983
480,Paddie,Masse,pmassedb@reddit.com,Male,4.233.37.175,86320,09/04/1966
481,Merrill,Wych,mwychdc@furl.net,Male,96.218.46.186,21104,28/10/1999
482,Bradney,Aguirrezabala,baguirrezabaladd@newyorker.com,Male,116.18.107.168,68250,27/04/1995
483,Wendall,Augur,waugurde@privacy.gov.au,Male,95.138.195.120,86366,02/12/1978
484,Carlota,Shoosmith,cshoosmithdf@bizjournals.com,Female,17.18.237.228,42077,29/10/1975
485,Aidan,Stonbridge,astonbridgedg@flickr.com,Female,19.39.226.203,84125,18/12/1998
486,Gannie,Bucksey,gbuckseydh@mediafire.com,Male,86.40.146.176,37656,13/01/1994
487,Damian,Bleiman,dbleimandi@shinystat.com,Male,90.104.110.209,37143,16/10/1960
488,Dom,Sallings,dsallingsdj@hostgator.com,Male,17.43.129.189,80866,28/03/2000
489,Connie,Northover,cnorthoverdk@angelfire.com,Female,82.75.174.38,39751,16/09/1996
490,Lonna,Demange,ldemangedl@prlog.org,Female,187.191.187.255,95206,10/04/1954
491,Dael,Goodison,dgoodisondm@oakley.com,Male,73.81.69.216,59343,06/05/1982
492,Shermy,Dummigan,sdummigandn@usatoday.com,Male,169.202.137.25,66091,17/12/2001
493,Marlie,Giottoi,mgiottoido@cloudflare.com,Female,60.5.113.65,95690,22/12/1992
494,Denise,Burrell,dburrelldp@indiatimes.com,Female,44.207.101.12,71210,23/07/1989
495,Auberon,Sultan,asultandq@shutterfly.com,Male,160.184.48.195,18670,06/03/1977
496,Rosamund,Spivie,rspiviedr@issuu.com,Female,18.141.198.86,77794,31/08/1969
497,Wolfgang,Brock,wbrockds@cam.ac.uk,Male,138.125.118.180,43427,30/03/1951
498,Kania,Burghill,kburghilldt@nsw.gov.au,Female,148.127.133.188,29447,11/12/1952
499,Finn,Rhymer,frhymerdu@senate.gov,Male,211.92.227.156,85914,30/11/1998
500,Arlyn,Briatt,abriattdv@fc2.com,Female,14.108.210.63,58194,03/10/1998
501,Kalle,Garrit,kgarritdw@cbc.ca,Male,202.49.197.250,41211,11/03/1967
502,Leonhard,Fisby,lfisbydx@slate.com,Male,49.198.15.103,15040,31/07/1956
503,Trace,Elgar,telgardy@about.me,Male,155.111.64.252,59626,03/08/1954
504,Brenda,Creber,bcreberdz@drupal.org,Female,38.221.49.62,35509,19/09/1990
505,Fayette,Pontain,fpontaine0@discuz.net,Female,47.152.126.183,94019,13/02/1948
506,Brittani,Lowten,blowtene1@soup.io,Female,5.111.69.91,52863,11/12/1996
507,Chickie,Featley,cfeatleye2@pen.io,Male,184.18.28.247,60503,16/05/1961
508,Cammy,Asser,cassere3@networkadvertising.org,Female,208.47.4.179,19681,11/02/1952
509,Trixi,Desantis,tdesantise4@hp.com,Female,230.111.79.43,82539,30/01/1980
510,Lelah,Embury,lemburye5@soup.io,Female,119.37.212.169,76517,11/05/1955
511,Annora,Brotherhead,abrotherheade6@hostgator.com,Female,148.61.183.24,98212,21/12/1981
512,Gray,Gierok,ggieroke7@weibo.com,Male,84.17.156.107,59753,23/04/1982
513,Editha,Corton,ecortone8@loc.gov,Female,189.133.15.170,21671,30/05/1992
514,Teena,Aburrow,taburrowe9@bluehost.com,Female,165.0.181.118,64952,28/02/1984
515,Rube,Worboy,rworboyea@umich.edu,Male,40.243.60.133,92765,23/10/1968
516,Prentice,Muirden,pmuirdeneb@apache.org,Male,85.19.71.179,42454,05/03/1984
517,Daphna,Bastie,dbastieec@census.gov,Female,108.234.135.154,28675,15/07/1978
518,Merill,Lathe,mlatheed@foxnews.com,Male,187.73.104.224,103819,13/10/1959
519,Ike,Davys,idavysee@samsung.com,Male,70.7.43.40,42779,27/06/1945
520,Randi,Dahlman,rdahlmanef@ehow.com,Male,12.239.109.189,24514,08/12/1991
521,Mella,Goold,mgooldeg@sphinn.com,Female,234.103.161.214,26834,10/06/1971
522,Ermin,Meijer,emeijereh@plala.or.jp,Male,213.160.120.2,69633,17/11/1957
523,Josselyn,Troni,jtroniei@reddit.com,Female,184.199.248.76,90987,07/11/1948
524,Thekla,Yedall,tyedallej@sfgate.com,Female,63.73.191.213,77763,11/09/1991
525,Morganica,Jeffes,mjeffesek@nsw.gov.au,Female,44.168.171.233,84666,01/07/1994
526,Tris,Springate,tspringateel@unc.edu,Male,72.89.61.67,109151,12/08/1947
527,Seward,Izon,sizonem@ted.com,Male,19.146.100.248,72847,27/02/1976
528,Clemmie,Truder,ctruderen@netvibes.com,Male,144.132.48.28,32189,07/11/1980
529,Arin,Affron,aaffroneo@nifty.com,Male,3.160.86.147,22404,16/06/1945
530,Isadore,Childs,ichildsep@wisc.edu,Male,57.171.240.126,70941,11/03/1998
531,Lenka,Adrienne,ladrienneeq@constantcontact.com,Female,44.197.218.251,42048,09/01/1966
532,Floyd,de Pinna,fdepinnaer@redcross.org,Male,182.155.134.83,18930,24/05/1950
533,Marice,Physic,mphysices@themeforest.net,Female,177.249.53.89,63915,25/08/1973
534,Allyn,Boynes,aboyneset@bluehost.com,Male,176.168.129.158,18424,17/05/1999
535,Adrienne,MacConnal,amacconnaleu@google.com.hk,Female,79.143.105.187,94610,18/09/1950
536,Bernetta,Emerton,bemertonev@a8.net,Female,242.83.71.119,108234,27/08/1974
537,Colene,Muttock,cmuttockew@senate.gov,Female,207.90.156.191,59223,09/03/1992
538,Gisele,Hilary,ghilaryex@sfgate.com,Female,171.230.23.38,65212,02/09/1984
539,Adolphus,Fleury,afleuryey@state.tx.us,Male,178.11.167.106,109163,07/11/1985
540,Stephi,De Michetti,sdemichettiez@biblegateway.com,Female,154.251.188.42,23938,19/05/1991
541,Florri,Casa,fcasaf0@independent.co.uk,Female,245.95.30.191,31655,05/03/1959
542,Doreen,Shutle,dshutlef1@state.gov,Female,63.158.104.125,71702,02/04/1972
543,Gill,Moncreiff,gmoncreifff2@engadget.com,Male,74.84.210.41,105366,21/05/1974
544,Danielle,Jarry,djarryf3@360.cn,Female,234.72.116.165,93840,15/01/1996
545,Hallsy,Schrir,hschrirf4@nationalgeographic.com,Male,217.30.140.50,80465,26/04/1966
546,Maurizio,Convery,mconveryf5@blogtalkradio.com,Male,36.168.8.201,76634,20/05/1960
547,Noak,Sherland,nsherlandf6@123-reg.co.uk,Male,2.20.13.105,15910,16/05/1958
548,Cordelie,De Courtney,cdecourtneyf7@fema.gov,Female,11.72.252.8,99362,24/09/1947
549,Gib,Devinn,gdevinnf8@latimes.com,Male,157.171.74.16,86944,12/03/1945
550,Rene,Syddon,rsyddonf9@cbslocal.com,Female,18.174.195.179,84677,07/03/1947
551,Sibel,Lindback,slindbackfa@aol.com,Female,194.68.1.249,95632,19/09/1994
552,Althea,Guiel,aguielfb@taobao.com,Female,5.45.64.148,51727,01/03/1948
553,Perry,Pinkerton,ppinkertonfc@miibeian.gov.cn,Male,146.10.139.160,44557,30/03/1976
554,Clari,Linck,clinckfd@ovh.net,Female,65.249.36.121,98136,07/09/1996
555,Abbe,Aucott,aaucottfe@ft.com,Female,194.53.202.95,14325,29/01/1962
556,Mariam,Steiner,msteinerff@archive.org,Female,199.111.6.46,70925,07/02/1986
557,Scarlett,Wiseman,swisemanfg@canalblog.com,Female,232.177.139.104,64352,03/01/1972
558,Carly,Ricciardi,cricciardifh@topsy.com,Male,171.139.136.22,95695,03/01/1968
559,Micheal,Filinkov,mfilinkovfi@imdb.com,Male,17.8.225.118,72825,11/02/1977
560,Latrena,Wrate,lwratefj@sitemeter.com,Female,189.71.244.9,42076,10/09/1949
561,Kleon,Beri,kberifk@theguardian.com,Male,116.61.112.59,44857,10/03/2001
562,Douglass,Putland,dputlandfl@google.es,Male,251.251.68.34,38509,28/02/1954
563,Birdie,Mountjoy,bmountjoyfm@china.com.cn,Female,236.21.206.103,69978,12/07/1958
564,Jonas,Ferrelli,jferrellifn@fastcompany.com,Male,180.25.64.255,21390,25/01/1970
565,Lind,Lomond,llomondfo@gmpg.org,Female,85.56.3.127,84454,30/11/1973
566,Morna,Burdis,mburdisfp@hud.gov,Female,146.34.184.86,90664,18/08/1967
567,Ashien,Kinzett,akinzettfq@themeforest.net,Female,83.52.50.26,47739,02/05/1956
568,Monty,Dunniom,mdunniomfr@smh.com.au,Male,65.186.207.125,107159,07/04/1996
569,Chery,Woodward,cwoodwardfs@bloomberg.com,Female,95.155.210.241,38476,22/12/1991
570,Kellen,Tookey,ktookeyft@arizona.edu,Female,66.194.122.43,24737,25/12/1958
571,Dyan,Mokes,dmokesfu@patch.com,Female,67.127.141.137,63657,26/12/1982
572,Bree,Norkutt,bnorkuttfv@geocities.jp,Female,229.44.215.171,18158,29/05/1968
573,Annnora,Tampion,atampionfw@purevolume.com,Female,57.188.32.83,84287,12/03/1973
574,Dalenna,Horry,dhorryfx@springer.com,Female,38.63.133.222,17897,05/04/1984
575,Joycelin,Pearle,jpearlefy@noaa.gov,Female,171.194.167.130,73617,10/05/1953
576,Guillema,Valintine,gvalintinefz@freewebs.com,Female,31.53.77.160,19727,14/12/1993
577,Christan,Marwood,cmarwoodg0@wikia.com,Female,152.37.209.248,75349,02/11/1967
578,Konstanze,Abelovitz,kabelovitzg1@theglobeandmail.com,Female,28.8.170.110,57368,03/06/1990
579,Egbert,Blackaller,eblackallerg2@si.edu,Male,106.159.205.244,70808,06/05/1998
580,Anthea,Malzard,amalzardg3@ehow.com,Female,152.91.144.38,57130,04/11/1977
581,Sammy,Routhorn,srouthorng4@globo.com,Female,25.83.49.95,45465,10/01/1973
582,Martin,Wimpress,mwimpressg5@indiegogo.com,Male,93.33.186.232,67599,02/10/1950
583,Alair,Okroy,aokroyg6@xing.com,Male,124.185.105.41,55664,01/09/1979
584,Daffi,Swindin,dswinding7@jalbum.net,Female,197.56.208.30,59167,14/12/1953
585,Zachariah,De Bruyne,zdebruyneg8@linkedin.com,Male,161.218.208.185,45348,19/10/1999
586,Sander,Liff,sliffg9@bloglovin.com,Male,198.254.198.28,98160,23/03/1991
587,Rivy,Darree,rdarreega@behance.net,Female,39.9.162.82,36380,14/01/1967
588,Sherlock,Mallison,smallisongb@geocities.com,Male,83.84.51.31,88070,07/12/1992
589,Stewart,Hardware,shardwaregc@biblegateway.com,Male,209.85.109.130,38290,03/01/1966
590,Noelle,Jauncey,njaunceygd@sogou.com,Female,154.125.235.68,66880,16/10/1979
591,Damiano,Goschalk,dgoschalkge@va.gov,Male,65.97.229.82,31602,02/02/1958
592,Lezlie,Feak,lfeakgf@slate.com,Female,232.61.95.235,108168,19/10/1961
593,Rora,MacKaile,rmackailegg@1688.com,Female,15.247.7.136,55554,28/03/1956
594,Amitie,Chant,achantgh@tuttocitta.it,Female,249.78.139.48,29669,23/10/1965
595,Bell,Constantine,bconstantinegi@is.gd,Female,228.55.16.239,104436,10/05/1987
596,Kelwin,Condon,kcondongj@ezinearticles.com,Male,184.98.107.154,82646,23/09/2002
597,Berkley,Hully,bhullygk@disqus.com,Male,169.59.29.111,28258,28/09/1996
598,Greggory,Duerden,gduerdengl@cargocollective.com,Male,194.212.68.214,76442,25/10/1998
599,Benetta,Haughin,bhaughingm@amazon.co.jp,Female,168.205.4.251,31512,30/04/1983
600,Rafaela,Castagne,rcastagnegn@sakura.ne.jp,Female,196.166.28.54,37104,06/09/1990
601,Celle,Dering,cderinggo@vinaora.com,Female,67.43.105.98,75053,18/01/1954
602,Pedro,Deware,pdewaregp@noaa.gov,Male,217.89.241.78,19086,18/01/1953
603,Sandy,Varey,svareygq@list-manage.com,Female,194.102.249.26,27870,12/07/2000
604,Berti,Virr,bvirrgr@godaddy.com,Male,175.233.39.240,48203,22/03/1964
605,Caddric,Arpur,carpurgs@1und1.de,Male,86.40.160.203,50772,31/12/1971
606,Leda,Itzakovitz,litzakovitzgt@shareasale.com,Female,201.135.176.89,78305,21/08/1958
607,Benjamen,Mallinson,bmallinsongu@chicagotribune.com,Male,255.130.234.116,52601,17/12/2001
608,Benedikta,Schubart,bschubartgv@unc.edu,Female,218.193.166.45,91498,18/01/1969
609,Fabien,Szymonwicz,fszymonwiczgw@theglobeandmail.com,Male,16.43.155.185,101589,29/02/1996
610,Spike,Currie,scurriegx@tiny.cc,Male,122.204.186.228,90608,02/12/1997
611,Jerrome,Geany,jgeanygy@yandex.ru,Male,23.59.80.151,19138,19/10/1961
612,Mufi,Adolfsen,madolfsengz@yahoo.co.jp,Female,54.77.78.100,78574,20/07/1976
613,Mickie,Colly,mcollyh0@boston.com,Male,5.196.75.127,69006,04/04/1988
614,Lothaire,Inglis,linglish1@howstuffworks.com,Male,217.193.140.124,106930,02/11/1952
615,Flory,Menel,fmenelh2@scientificamerican.com,Male,109.242.192.34,27818,29/06/1977
616,Justus,Fritter,jfritterh3@netvibes.com,Male,14.169.87.18,108606,03/04/1983
617,Iorgo,Cruikshanks,icruikshanksh4@deviantart.com,Male,93.14.110.155,75159,04/04/1997
618,Damon,Dumbreck,ddumbreckh5@nytimes.com,Male,154.236.209.77,103604,24/11/1999
619,Camille,Swiggs,cswiggsh6@discovery.com,Female,93.142.75.49,32046,06/10/1983
620,Gianni,Gorry,ggorryh7@google.com.br,Male,155.103.72.70,29531,09/11/1977
621,Zak,Furnival,zfurnivalh8@acquirethisname.com,Male,17.96.192.77,65818,16/09/1980
622,Aurelea,Nevill,anevillh9@about.me,Female,138.203.213.157,109552,24/07/1971
623,Dionis,Willox,dwilloxha@redcross.org,Female,115.26.227.249,99985,03/09/1959
624,Dougie,Penke,dpenkehb@wiley.com,Male,107.205.146.229,84094,11/10/1946
625,Joela,Shivlin,jshivlinhc@slate.com,Female,57.175.248.206,90354,11/10/1963
626,Nanni,Laugier,nlaugierhd@businessweek.com,Female,20.0.208.215,14765,02/02/1967
627,Iver,Seeler,iseelerhe@soundcloud.com,Male,131.112.155.233,83044,31/03/1951
628,Norina,Addlestone,naddlestonehf@webmd.com,Female,17.119.167.117,99791,28/03/1959
629,Myer,Utteridge,mutteridgehg@cpanel.net,Male,175.10.125.239,48853,16/01/1972
630,Carmelina,Redfern,credfernhh@ustream.tv,Female,33.94.36.95,41799,08/12/1951
631,Sybyl,McGeown,smcgeownhi@newsvine.com,Female,74.191.233.129,48556,18/05/1958
632,Keven,Sevin,ksevinhj@last.fm,Male,15.22.198.16,30830,18/04/1956
633,Demetris,Jobson,djobsonhk@reference.com,Female,39.15.100.151,54437,12/03/1972
634,Lucais,Straine,lstrainehl@sakura.ne.jp,Male,142.173.237.245,74759,08/11/1971
635,Lisabeth,Noden,lnodenhm@npr.org,Female,58.205.234.235,96359,11/03/1990
636,Leticia,Galero,lgalerohn@unicef.org,Female,170.189.155.207,77727,04/04/1997
637,Rhys,Milan,rmilanho@va.gov,Male,211.51.28.198,74015,09/12/1985
638,Ara,Hasser,ahasserhp@mozilla.com,Female,36.82.68.209,95865,15/04/1998
639,Marget,Fearon,mfearonhq@alibaba.com,Female,8.252.126.28,14881,21/01/1958
640,Penni,Dumbarton,pdumbartonhr@studiopress.com,Female,109.54.102.17,92574,17/06/1964
641,Bailie,Christene,bchristenehs@paginegialle.it,Male,190.215.25.140,84874,27/07/1973
642,Lauren,M'Quharg,lmquharght@hugedomains.com,Female,33.214.179.95,50045,22/12/1970
643,Magdalene,Bolstridge,mbolstridgehu@princeton.edu,Female,119.66.175.18,75376,05/04/1960
644,Nessie,Rediers,nrediershv@t.co,Female,57.174.194.211,29096,05/12/1947
645,Cristobal,Robiot,crobiothw@elpais.com,Male,137.178.66.79,44581,27/02/1988
646,Randolf,Currier,rcurrierhx@tiny.cc,Male,80.64.12.141,68449,16/07/1997
647,Gabriel,Hardcastle,ghardcastlehy@over-blog.com,Female,232.135.88.191,23407,23/05/1952
648,Daniela,Dannett,ddannetthz@1und1.de,Female,127.33.122.242,53185,03/04/1947
649,Sallyann,Upham,suphami0@domainmarket.com,Female,155.47.144.2,73111,19/10/1965
650,Leeann,Hasloch,lhaslochi1@dagondesign.com,Female,171.11.133.242,21263,05/09/1976
651,Frank,Putt,fputti2@deviantart.com,Male,210.235.105.39,22964,17/04/1958
652,Claudie,Banasiak,cbanasiaki3@dell.com,Female,87.66.234.52,75083,18/09/1955
653,Margaretha,Kinkade,mkinkadei4@adobe.com,Female,184.1.65.36,11374,30/12/1997
654,Aeriel,Cowlas,acowlasi5@umich.edu,Female,39.252.28.245,45215,21/10/1979
655,Delcine,Kristufek,dkristufeki6@hhs.gov,Female,248.58.59.188,13824,27/11/1986
656,Cyndia,Pyne,cpynei7@purevolume.com,Female,149.237.8.144,83673,19/01/1986
657,Mervin,Barme,mbarmei8@yelp.com,Male,148.195.148.187,72072,18/04/1957
658,Ambrose,Darlaston,adarlastoni9@timesonline.co.uk,Male,7.78.45.91,97666,04/06/1993
659,Ernest,Rigney,erigneyia@cam.ac.uk,Male,163.101.47.109,26727,21/01/1975
660,Genevieve,Bagshaw,gbagshawib@multiply.com,Female,202.111.177.70,104410,19/11/1953
661,Coop,Pirri,cpirriic@phoca.cz,Male,186.11.60.166,85444,28/09/1999
662,Gauthier,Clewer,gclewerid@multiply.com,Male,181.181.141.45,84882,28/04/1947
663,Wenda,Coleridge,wcoleridgeie@sitemeter.com,Female,58.26.167.194,11293,26/02/1982
664,Patric,Auckland,paucklandif@dion.ne.jp,Male,183.224.111.244,106136,01/06/1985
665,Nigel,Brauninger,nbrauningerig@last.fm,Male,25.122.239.223,27518,18/09/1976
666,Tynan,Beagan,tbeaganih@independent.co.uk,Male,11.69.218.25,30360,21/08/1966
667,Winne,Yanov,wyanovii@globo.com,Female,89.236.155.65,66692,01/02/1950
668,Loren,Sherwen,lsherwenij@pen.io,Male,133.161.206.178,16218,16/06/1980
669,Alanna,Furnival,afurnivalik@phpbb.com,Female,42.186.167.178,41632,14/11/1949
670,Bartholomew,Keyworth,bkeyworthil@youku.com,Male,21.127.45.221,79533,27/02/1958
671,Dew,Sarten,dsartenim@sphinn.com,Male,130.18.71.173,98702,31/03/1983
672,Rebe,Darkin,rdarkinin@1688.com,Female,63.111.201.114,57558,28/02/1993
673,Vinson,Signoret,vsignoretio@jiathis.com,Male,54.40.27.217,95562,23/08/1999
674,Jayson,Woodroofe,jwoodroofeip@arizona.edu,Male,53.13.116.41,39554,20/06/1954
675,Gardener,Jamson,gjamsoniq@constantcontact.com,Male,13.246.11.107,25673,13/08/1951
676,Burl,Goldney,bgoldneyir@sfgate.com,Male,237.242.195.251,106714,30/09/1966
677,Oran,Mulbry,omulbryis@bluehost.com,Male,38.253.125.235,12627,01/03/1988
678,Jermaine,Cumberpatch,jcumberpatchit@shareasale.com,Male,107.144.200.118,37466,16/02/1970
679,Kirsti,Larmouth,klarmouthiu@sun.com,Female,218.19.209.158,82789,21/11/1984
680,Ingrim,Klambt,iklambtiv@phpbb.com,Male,22.252.124.222,55165,25/06/1949
681,Noe,Babbidge,nbabbidgeiw@godaddy.com,Male,221.251.199.153,26042,18/09/1957
682,Phineas,Beminster,pbeminsterix@economist.com,Male,40.184.209.173,101156,25/03/1996
683,Shir,Dunkley,sdunkleyiy@sourceforge.net,Female,59.159.31.214,86604,21/06/1980
684,Meyer,Peterson,mpetersoniz@about.com,Male,33.0.188.179,54376,03/02/1966
685,Brod,Weatherhill,bweatherhillj0@github.io,Male,180.75.200.239,42165,19/07/1947
686,Irina,Berthot,iberthotj1@gizmodo.com,Female,121.184.176.64,39410,28/03/1970
687,Davidson,Hovenden,dhovendenj2@ifeng.com,Male,34.41.155.97,10215,26/04/1991
688,Gabe,Plampeyn,gplampeynj3@moonfruit.com,Male,108.13.158.122,33790,24/07/1945
689,Lowrance,Collete,lcolletej4@vimeo.com,Male,48.71.33.171,96408,12/07/1991
690,Murdock,Furphy,mfurphyj5@surveymonkey.com,Male,179.215.94.238,98122,21/09/1999
691,Penrod,Calverley,pcalverleyj6@friendfeed.com,Male,159.17.40.251,47195,06/07/1998
692,Gena,Keling,gkelingj7@angelfire.com,Female,187.100.236.192,28413,02/05/1959
693,Crichton,Moss,cmossj8@vk.com,Male,217.83.121.141,46476,04/11/1972
694,Jamaal,Woffinden,jwoffindenj9@virginia.edu,Male,56.119.112.255,64483,27/04/1965
695,Mohammed,Sharphouse,msharphouseja@samsung.com,Male,58.154.123.224,30757,23/08/1949
696,Alta,Blackhurst,ablackhurstjb@google.com.au,Female,191.147.19.207,14482,06/10/1982
697,Ethelda,Downer,edownerjc@i2i.jp,Female,131.166.198.150,44601,06/12/1959
698,Moselle,Addionisio,maddionisiojd@comcast.net,Female,200.32.250.32,103685,24/04/1953
699,Huberto,Noel,hnoelje@amazon.com,Male,173.49.91.245,64361,19/02/1972
700,Shandeigh,Tettersell,stetterselljf@usa.gov,Female,71.44.158.104,56396,16/07/1981
701,Gwyneth,Harvatt,gharvattjg@msu.edu,Female,147.147.44.1,103228,12/04/1952
702,Tisha,Whelpdale,twhelpdalejh@craigslist.org,Female,26.3.245.100,44729,22/09/1966
703,Jerrome,Rodie,jrodieji@dell.com,Male,17.246.130.139,68372,12/03/1993
704,Griffith,Kitney,gkitneyjj@japanpost.jp,Male,125.151.149.55,36141,20/09/1959
705,Rorie,Capinetti,rcapinettijk@devhub.com,Female,130.146.180.129,24722,05/03/1996
706,Berton,O'Brien,bobrienjl@simplemachines.org,Male,203.153.27.19,60445,03/03/1966
707,Hillard,Rogge,hroggejm@jigsy.com,Male,156.16.26.123,72917,13/05/1997
708,Hall,Sidary,hsidaryjn@trellian.com,Male,249.231.168.5,32000,05/10/1947
709,Giusto,Collocott,gcollocottjo@t.co,Male,41.131.53.98,49697,09/12/1956
710,Janessa,Calfe,jcalfejp@washingtonpost.com,Female,165.3.61.123,79156,01/01/1988
711,Joey,Houston,jhoustonjq@bbc.co.uk,Female,254.228.110.229,107415,11/02/1966
712,Maryann,Croisdall,mcroisdalljr@businessweek.com,Female,228.196.193.136,43494,27/01/1951
713,Windy,Cosgreave,wcosgreavejs@admin.ch,Female,95.233.149.68,63411,22/05/1987
714,Delphine,Galbraith,dgalbraithjt@psu.edu,Female,196.132.112.69,35894,08/09/1985
715,Cece,Shottin,cshottinju@latimes.com,Male,121.115.225.158,24707,18/12/1994
716,Iris,Herity,iherityjv@china.com.cn,Female,95.43.77.115,101137,12/01/1988
717,Vina,Kimber,vkimberjw@phoca.cz,Female,231.38.224.237,95021,23/09/1947
718,Sydel,Fosh,sfoshjx@multiply.com,Female,145.89.190.193,24442,30/06/1950
719,Melisande,Hartless,mhartlessjy@jimdo.com,Female,202.254.19.214,42949,22/10/1956
720,Allayne,Siebert,asiebertjz@netscape.com,Male,52.110.42.130,48635,09/12/1994
721,Dell,Scrowton,dscrowtonk0@sbwire.com,Male,10.5.36.6,17009,05/05/1999
722,Tracey,Kimmings,tkimmingsk1@stumbleupon.com,Male,159.232.71.201,48138,24/02/1951
723,Bert,Kernoghan,bkernoghank2@va.gov,Male,235.5.193.142,52644,23/11/1968
724,Cly,Dodgshun,cdodgshunk3@businessinsider.com,Male,113.113.159.186,33191,25/06/1953
725,Tye,Braikenridge,tbraikenridgek4@webeden.co.uk,Male,151.102.18.197,84526,06/09/1964
726,Herschel,Hanks,hhanksk5@nature.com,Male,85.101.54.204,76465,16/08/1984
727,Saxe,Canas,scanask6@chron.com,Male,63.37.174.246,100736,23/05/1982
728,Reagen,Aherne,rahernek7@sourceforge.net,Male,189.167.165.239,72503,07/01/1969
729,Ahmad,Ludwikiewicz,aludwikiewiczk8@vkontakte.ru,Male,85.187.3.40,105511,11/08/1953
730,Bartel,Tschirasche,btschiraschek9@cnbc.com,Male,20.187.158.211,20302,17/03/1979
731,Cobby,Normant,cnormantka@illinois.edu,Male,251.172.70.121,51515,17/04/1980
732,Borden,Leathley,bleathleykb@adobe.com,Male,139.187.228.52,19179,08/05/1968
733,Nev,Beatson,nbeatsonkc@sciencedaily.com,Male,123.227.248.44,88914,18/06/1963
734,Towney,Rustedge,trustedgekd@merriam-webster.com,Male,255.219.96.192,83625,17/03/1961
735,Gloriana,Van Hault,gvanhaultke@deviantart.com,Female,90.26.185.181,28071,21/08/1973
736,Thane,Clancy,tclancykf@lulu.com,Male,39.46.134.107,39206,01/07/1969
737,Lexy,Currall,lcurrallkg@si.edu,Female,174.205.38.182,89467,02/05/1984
738,Ursuline,Baysting,ubaystingkh@home.pl,Female,117.70.160.199,96760,21/07/1996
739,Charlton,Caseley,ccaseleyki@blog.com,Male,116.31.131.176,38723,18/08/1950
740,Irena,Towle,itowlekj@globo.com,Female,220.109.176.41,46207,04/07/1950
741,Violette,Zapater,vzapaterkk@cdbaby.com,Female,247.23.224.207,71482,16/12/1967
742,Camile,De Mattei,cdematteikl@issuu.com,Female,190.68.81.17,86588,25/01/1949
743,Garwood,Wagon,gwagonkm@unesco.org,Male,78.125.100.98,108052,19/06/1959
744,Blaire,Camacke,bcamackekn@gravatar.com,Female,99.239.174.120,23778,19/10/1975
745,Reinhold,Pellett,rpellettko@printfriendly.com,Male,230.14.127.24,63380,15/05/1997
746,Gibbie,Templeman,gtemplemankp@quantcast.com,Male,187.190.122.152,37523,27/06/1971
747,Darsey,Dumbleton,ddumbletonkq@edublogs.org,Female,206.12.55.252,31396,24/01/1982
748,Silvanus,Leggat,sleggatkr@europa.eu,Male,34.41.36.20,92872,20/03/2001
749,Meryl,Brosnan,mbrosnanks@chicagotribune.com,Male,232.84.245.112,101168,18/01/1960
750,Tallie,Sturgis,tsturgiskt@free.fr,Male,147.72.240.36,13207,21/10/1959
751,Kathryn,Bruyet,kbruyetku@opensource.org,Female,61.143.177.130,105334,16/12/1958
752,Barnebas,Spender,bspenderkv@linkedin.com,Male,226.160.82.138,83487,23/09/1973
753,Addie,Gregorace,agregoracekw@gnu.org,Male,101.1.137.105,28902,07/06/1987
754,Romola,Tanti,rtantikx@a8.net,Female,126.250.61.225,31679,30/09/1993
755,Washington,Beckmann,wbeckmannky@abc.net.au,Male,204.245.128.12,74392,20/01/1970
756,Merissa,Genese,mgenesekz@163.com,Female,100.133.148.25,84890,12/05/1945
757,Darrell,Benneton,dbennetonl0@edublogs.org,Male,197.247.174.148,80688,13/04/1952
758,Ber,Bunner,bbunnerl1@google.de,Male,205.232.168.165,58939,30/01/1993
759,Christabel,Compton,ccomptonl2@va.gov,Female,114.206.48.13,50074,31/12/2001
760,Stanfield,Real,sreall3@paypal.com,Male,132.68.241.58,22922,13/08/1980
761,Cynthea,Durnell,cdurnelll4@va.gov,Female,162.167.110.211,24424,28/10/1973
762,Sarge,Litton,slittonl5@ft.com,Male,123.243.226.125,58300,17/05/2000
763,Peadar,Lornsen,plornsenl6@nationalgeographic.com,Male,60.42.68.176,63135,02/06/1950
764,Lew,Alvey,lalveyl7@answers.com,Male,178.151.231.162,26995,17/05/1960
765,Tressa,Axby,taxbyl8@umn.edu,Female,152.160.23.154,37367,13/10/1960
766,Brenda,Leas,bleasl9@sciencedirect.com,Female,223.192.67.24,60167,15/09/1956
767,Keene,Dinzey,kdinzeyla@miitbeian.gov.cn,Male,187.147.52.246,19769,23/10/1953
768,Richardo,Bamforth,rbamforthlb@soundcloud.com,Male,43.216.146.88,27280,23/04/1998
769,Rafe,Clarkin,rclarkinlc@cnbc.com,Male,213.2.217.158,107097,24/12/1996
770,Garrett,Krysiak,gkrysiakld@infoseek.co.jp,Male,124.240.50.182,23623,17/07/1971
771,Marty,Hayball,mhayballle@joomla.org,Male,250.30.244.208,46951,05/03/1952
772,Garvin,Layne,glaynelf@umn.edu,Male,209.253.227.54,91327,02/12/1977
773,Shay,Onthank,sonthanklg@privacy.gov.au,Male,209.154.71.163,102353,22/09/1970
774,Muire,Minard,mminardlh@patch.com,Female,232.79.36.49,79189,01/03/1948
775,Ripley,Gitting,rgittingli@quantcast.com,Male,238.70.70.215,24785,13/08/1959
776,Retha,Rizzelli,rrizzellilj@odnoklassniki.ru,Female,178.204.207.113,46704,14/10/1966
777,Krista,Penning,kpenninglk@storify.com,Female,82.120.134.248,10480,25/01/1955
778,Joey,Rignoldes,jrignoldesll@gov.uk,Male,45.240.186.143,42229,13/07/1973
779,Flora,Sainteau,fsainteaulm@wix.com,Female,61.115.83.70,101947,29/08/1965
780,Melisent,Beckham,mbeckhamln@tumblr.com,Female,148.183.199.144,47000,11/09/1949
781,Jackqueline,Wiskar,jwiskarlo@behance.net,Female,252.38.135.11,20511,11/11/1992
782,Claybourne,Cavalier,ccavalierlp@imgur.com,Male,247.130.156.12,99984,24/06/2002
783,Madelon,Buckwell,mbuckwelllq@google.com,Female,84.62.214.196,97938,09/05/2001
784,Almira,Barensky,abarenskylr@digg.com,Female,153.48.143.67,93327,12/09/1979
785,Seymour,Gee,sgeels@jimdo.com,Male,54.214.24.245,24778,22/07/1951
786,Myer,Duckitt,mduckittlt@bravesites.com,Male,205.238.39.119,65936,29/05/1956
787,Karyn,Boatwright,kboatwrightlu@ameblo.jp,Female,52.70.114.171,99864,10/11/1991
788,Rianon,Gartshore,rgartshorelv@barnesandnoble.com,Female,230.67.167.135,45118,14/01/1998
789,Philbert,Shirrell,pshirrelllw@ihg.com,Male,204.188.174.70,42459,08/04/1991
790,Drugi,Dartnell,ddartnelllx@rakuten.co.jp,Male,105.98.0.104,68235,06/08/1987
791,Guthrey,Beeck,gbeeckly@ucsd.edu,Male,47.85.180.149,97640,06/12/1963
792,Krystalle,Syplus,ksypluslz@ebay.com,Female,0.228.117.112,101830,23/03/1958
793,Arnuad,Tinner,atinnerm0@fc2.com,Male,244.15.86.55,56081,24/05/1991
794,Johnathon,Devonport,jdevonportm1@angelfire.com,Male,189.241.194.225,108272,02/05/1969
795,Casper,Sives,csivesm2@oracle.com,Male,105.117.97.168,22277,29/01/1997
796,Hewe,Lacelett,hlacelettm3@omniture.com,Male,202.164.62.230,23244,11/01/1954
797,Ricky,Dood,rdoodm4@friendfeed.com,Male,215.221.31.159,14971,28/09/1987
798,Waverley,Scarlon,wscarlonm5@scientificamerican.com,Male,208.156.172.222,54296,17/05/1965
799,Rozamond,Powles,rpowlesm6@blogs.com,Female,89.237.127.23,68632,12/10/1957
800,Poul,Burbury,pburburym7@weather.com,Male,163.247.105.128,45017,20/12/1977
801,Vincent,Gilleson,vgillesonm8@stumbleupon.com,Male,76.202.88.138,72630,31/01/1951
802,Jordana,Batecok,jbatecokm9@topsy.com,Female,67.159.147.225,65639,13/09/1986
803,Marlena,Ferras,mferrasma@about.me,Female,143.24.36.124,102201,30/01/1965
804,Ron,Hillborne,rhillbornemb@bloomberg.com,Male,203.67.253.26,50865,22/09/1953
805,Bogart,Rainforth,brainforthmc@printfriendly.com,Male,188.104.34.63,21946,11/04/1962
806,Mozes,Ludovico,mludovicomd@cloudflare.com,Male,51.150.159.24,94533,17/06/1953
807,Merissa,Nicklin,mnicklinme@qq.com,Female,161.124.140.125,37174,06/02/1945
808,Mikael,Halm,mhalmmf@alibaba.com,Male,88.182.22.6,39762,16/10/1997
809,Blythe,Wharmby,bwharmbymg@cdc.gov,Female,246.36.171.249,51955,03/08/1967
810,Whitney,Tremathick,wtremathickmh@typepad.com,Female,12.5.29.179,73176,12/04/1975
811,Arline,Gherardini,agherardinimi@unblog.fr,Female,20.152.184.227,28719,01/11/1952
812,Ethelin,McQuie,emcquiemj@mac.com,Female,89.230.124.23,74174,16/01/1984
813,Muire,Keune,mkeunemk@slashdot.org,Female,78.102.13.233,29661,08/02/1991
814,Donelle,Wickling,dwicklingml@usda.gov,Female,198.145.162.47,36617,09/12/2001
815,Nana,Baillie,nbailliemm@cyberchimps.com,Female,219.116.180.161,108204,04/01/1981
816,Alli,McLaughlan,amclaughlanmn@wsj.com,Female,220.8.213.142,60492,06/06/1972
817,Merrie,Headan,mheadanmo@hc360.com,Female,13.133.62.180,107896,15/09/1954
818,Ricca,Bayston,rbaystonmp@chronoengine.com,Female,74.70.146.162,40441,03/03/1958
819,Ardisj,O' Liddy,aoliddymq@ezinearticles.com,Female,133.170.45.76,42934,17/07/2002
820,Chanda,Swatton,cswattonmr@freewebs.com,Female,96.161.125.15,65068,20/05/1975
821,Elfie,Curtiss,ecurtissms@about.com,Female,151.248.156.185,67619,31/10/1983
822,Red,Tart,rtartmt@t-online.de,Male,217.104.208.163,99214,27/06/1985
823,Moselle,Chantillon,mchantillonmu@reference.com,Female,243.21.129.72,26754,12/09/1995
824,Stavros,Plane,splanemv@gravatar.com,Male,113.247.89.185,109222,28/03/1949
825,Bronny,Schirach,bschirachmw@xinhuanet.com,Male,223.126.79.255,11271,11/03/1965
826,Zelig,Wooder,zwoodermx@weibo.com,Male,222.60.135.180,29217,24/02/1989
827,Toddie,Mateescu,tmateescumy@addtoany.com,Male,129.84.244.157,71837,16/11/1968
828,Alexine,Staynes,astaynesmz@vkontakte.ru,Female,12.190.198.202,59782,17/04/1951
829,Dedra,Egle,deglen0@4shared.com,Female,202.179.85.70,39064,09/05/1975
830,Warde,Skoggings,wskoggingsn1@ox.ac.uk,Male,116.39.72.92,79646,16/06/2000
831,Tory,O'Henecan,tohenecann2@go.com,Female,56.82.3.60,105667,15/06/1982
832,Vania,Vicent,vvicentn3@ibm.com,Female,16.11.86.13,57325,25/10/1987
833,Joyann,Varfolomeev,jvarfolomeevn4@networksolutions.com,Female,140.239.200.180,92062,11/04/1962
834,Kerr,Tatford,ktatfordn5@foxnews.com,Male,252.117.254.31,66143,30/12/1947
835,Luciana,Coit,lcoitn6@about.me,Female,46.223.108.138,17670,01/11/1972
836,Lynne,Isworth,lisworthn7@uol.com.br,Female,233.247.105.102,55720,20/05/1984
837,Bartel,Rosborough,brosboroughn8@fastcompany.com,Male,180.63.55.16,90854,26/12/1998
838,Heriberto,Gegg,hgeggn9@nyu.edu,Male,216.96.28.65,40067,02/07/1981
839,Chadwick,Haydney,chaydneyna@cam.ac.uk,Male,230.47.241.24,39109,25/10/1993
840,Burt,Gabb,bgabbnb@multiply.com,Male,18.110.2.104,99160,20/06/1963
841,Raina,Jurisic,rjurisicnc@is.gd,Female,8.221.207.162,16432,12/01/1974
842,Lammond,Seadon,lseadonnd@skype.com,Male,228.168.89.102,32592,21/12/1975
843,Si,Poll,spollne@harvard.edu,Male,212.220.177.232,54224,05/02/1973
844,Benny,Farnes,bfarnesnf@parallels.com,Female,234.204.86.114,94808,17/05/1949
845,Mar,Alenichev,malenichevng@google.com.hk,Male,20.5.109.73,49635,07/07/2001
846,Alphonso,Leggis,aleggisnh@networksolutions.com,Male,161.91.67.120,48813,24/05/1973
847,Jeffrey,Abrahamoff,jabrahamoffni@cdbaby.com,Male,105.67.51.64,99258,27/12/1966
848,Gabbie,Innot,ginnotnj@umich.edu,Male,58.144.74.215,12828,01/08/1986
849,Cosimo,Benedetti,cbenedettink@youtube.com,Male,72.166.239.155,99514,28/11/1967
850,Corella,Pren,cprennl@bluehost.com,Female,178.247.44.41,62026,29/11/1948
851,Hyatt,Tootin,htootinnm@forbes.com,Male,165.117.213.211,66752,07/08/2001
852,Cordie,Masser,cmassernn@hao123.com,Female,92.95.120.143,97552,02/08/1986
853,Constanta,Antonomolii,cantonomoliino@google.com.br,Female,128.49.126.106,72382,20/10/1995
854,Rollins,Waycot,rwaycotnp@cpanel.net,Male,171.245.138.75,50627,27/07/1970
855,Jarret,Gillman,jgillmannq@delicious.com,Male,53.130.136.3,70319,14/08/1953
856,Denver,Queree,dquereenr@networksolutions.com,Male,202.174.123.220,50862,19/03/1953
857,Aubry,Pallasch,apallaschns@tiny.cc,Female,102.59.117.220,21119,22/10/1994
858,Callie,Studdeard,cstuddeardnt@chron.com,Female,8.9.200.96,14302,31/01/1994
859,Bentlee,todor,btodornu@alexa.com,Male,25.123.214.238,45979,22/08/2000
860,Jenilee,Eustes,jeustesnv@uiuc.edu,Female,9.73.58.205,100662,26/11/1978
861,Yule,Goggan,ygoggannw@bloomberg.com,Male,197.130.177.124,77035,18/08/1976
862,Farleigh,Dri,fdrinx@ycombinator.com,Male,114.203.245.35,81240,13/09/1949
863,Dougy,Sonschein,dsonscheinny@nyu.edu,Male,250.207.23.195,50330,30/10/1980
864,Roanne,Marsay,rmarsaynz@t-online.de,Female,18.244.49.91,45894,20/10/1993
865,Gregor,Wardhough,gwardhougho0@cyberchimps.com,Male,19.196.195.4,52262,28/12/1962
866,Rik,Paulsson,rpaulssono1@addtoany.com,Male,134.248.135.105,24425,20/12/1958
867,Eunice,Chaise,echaiseo2@irs.gov,Female,162.72.49.61,105207,09/09/1959
868,Nolly,Bohan,nbohano3@geocities.com,Male,220.173.174.159,57464,07/10/1957
869,Deeyn,Gowan,dgowano4@gov.uk,Female,229.190.162.42,61039,05/08/1998
870,Luce,Doers,ldoerso5@linkedin.com,Male,31.75.168.16,15146,04/09/1962
871,Wilbur,Smitten,wsmitteno6@guardian.co.uk,Male,65.144.19.18,101750,20/07/1989
872,Chloette,Luto,clutoo7@psu.edu,Female,73.197.153.120,93466,16/09/1958
873,Jany,Bickardike,jbickardikeo8@mit.edu,Female,80.167.123.127,102338,07/09/2000
874,Mechelle,Roylance,mroylanceo9@abc.net.au,Female,157.89.63.88,35957,04/12/1994
875,Wye,Gyse,wgyseoa@yale.edu,Male,173.223.28.137,91319,07/09/1977
876,Bradney,Sharman,bsharmanob@discuz.net,Male,162.146.249.90,59433,07/06/1979
877,Vi,MacAne,vmacaneoc@nydailynews.com,Female,143.165.45.81,78742,11/12/1953
878,Jaye,Laying,jlayingod@howstuffworks.com,Male,90.7.120.245,45812,19/09/1972
879,Elwood,Mulheron,emulheronoe@chron.com,Male,195.113.65.102,35187,29/12/1949
880,Arnuad,Van den Hof,avandenhofof@ning.com,Male,32.54.225.196,67377,27/10/1957
881,Claiborn,Ducastel,cducastelog@sogou.com,Male,1.226.162.247,105091,05/12/1975
882,Yurik,Malshinger,ymalshingeroh@github.com,Male,245.9.70.76,105798,19/10/1974
883,Vinnie,Clery,vcleryoi@sun.com,Male,0.1.122.52,105974,20/08/1971
884,Marybelle,Winterson,mwintersonoj@csmonitor.com,Female,162.212.109.212,35512,09/12/1948
885,Liane,Cowx,lcowxok@nytimes.com,Female,188.12.202.60,21456,20/02/1950
886,Allegra,Doumic,adoumicol@ucsd.edu,Female,105.255.117.48,80378,11/09/1971
887,Taddeusz,Golbourn,tgolbournom@phoca.cz,Male,178.146.5.179,108801,14/07/1987
888,Maurise,Scuffham,mscuffhamon@cloudflare.com,Female,200.26.198.52,29611,19/03/1978
889,Cam,Scrowson,cscrowsonoo@google.it,Female,130.254.24.138,107027,03/05/1998
890,Adham,Wabb,awabbop@macromedia.com,Male,133.211.46.207,10102,31/08/1985
891,Nathanial,Cranke,ncrankeoq@oakley.com,Male,139.90.176.21,41083,15/05/1994
892,Pasquale,Buske,pbuskeor@earthlink.net,Male,29.103.135.210,24009,04/12/1977
893,Dotti,Mackstead,dmacksteados@hao123.com,Female,231.207.179.211,59579,25/02/1962
894,Ardella,Stubs,astubsot@geocities.jp,Female,119.195.144.184,107648,05/10/1960
895,Florida,Trout,ftroutou@jalbum.net,Female,72.35.163.49,45340,01/05/1991
896,Sayer,L'oiseau,sloiseauov@opera.com,Male,184.191.125.119,96799,29/05/1967
897,Marillin,Lawdham,mlawdhamow@t-online.de,Female,130.75.124.31,45115,31/08/1969
898,Beltran,Odams,bodamsox@a8.net,Male,72.120.116.40,41538,06/11/1977
899,Felice,Giffkins,fgiffkinsoy@washington.edu,Female,18.235.19.133,28512,25/05/1958
900,Kelcey,Magnar,kmagnaroz@hhs.gov,Female,180.111.150.186,98649,21/08/1970
901,Virge,Reuven,vreuvenp0@symantec.com,Male,19.162.198.211,24966,28/09/1984
902,Jecho,Learie,jleariep1@unc.edu,Male,188.223.223.71,15829,25/12/1959
903,Holt,Elsmere,helsmerep2@comcast.net,Male,179.233.161.169,31309,08/11/1955
904,Willi,Mantha,wmanthap3@sina.com.cn,Female,91.202.127.231,90356,03/07/1973
905,Todd,Finn,tfinnp4@yandex.ru,Male,205.138.209.217,11027,29/11/1986
906,Solly,Bleazard,sbleazardp5@theguardian.com,Male,138.204.31.223,38267,21/01/1965
907,Theodora,Huband,thubandp6@cornell.edu,Female,99.61.225.205,99192,04/02/1970
908,Dorrie,Tattersall,dtattersallp7@nationalgeographic.com,Female,176.172.8.1,23109,15/07/1995
909,Willabella,Kempson,wkempsonp8@simplemachines.org,Female,9.78.148.17,65758,03/11/1954
910,Almira,Gresty,agrestyp9@globo.com,Female,85.129.236.57,30481,08/05/1960
911,Teddie,Stirman,tstirmanpa@technorati.com,Male,201.119.220.3,33000,12/07/1967
912,Meara,Kilvington,mkilvingtonpb@newsvine.com,Female,75.250.241.57,28861,05/11/1976
913,Cassandry,Agge,caggepc@google.com.hk,Female,34.183.74.98,76660,10/05/1964
914,Trevor,Paireman,tpairemanpd@plala.or.jp,Male,60.53.177.111,62972,20/03/1974
915,Alexia,MacRinn,amacrinnpe@de.vu,Female,52.108.47.26,41472,19/04/1968
916,Antonina,Bilston,abilstonpf@toplist.cz,Female,92.145.240.112,86597,16/06/1973
917,Estrellita,Deeny,edeenypg@arstechnica.com,Female,18.170.13.61,81843,04/01/1974
918,Carlyle,Marjanovic,cmarjanovicph@fastcompany.com,Male,137.106.78.242,36467,25/10/1973
919,Far,Hymor,fhymorpi@smugmug.com,Male,215.127.18.135,18722,22/10/1950
920,Billie,Lyston,blystonpj@dion.ne.jp,Male,99.96.224.186,28520,29/01/1964
921,Lyon,Garnam,lgarnampk@sun.com,Male,39.114.114.61,55377,27/04/1987
922,Grange,Greenlies,ggreenliespl@sciencedaily.com,Male,143.86.223.215,97938,12/06/1948
923,Cleve,McKague,cmckaguepm@go.com,Male,64.94.209.208,56853,10/07/1965
924,Guss,Dohmer,gdohmerpn@tiny.cc,Male,49.245.91.165,109282,16/08/1978
925,Millicent,Malcher,mmalcherpo@trellian.com,Female,133.108.200.40,69034,23/02/1985
926,Carson,Ambroise,cambroisepp@e-recht24.de,Male,228.182.28.103,82039,11/01/1972
927,Jarvis,Road,jroadpq@dropbox.com,Male,217.23.2.35,12772,10/04/1992
928,Gleda,Kilbride,gkilbridepr@livejournal.com,Female,84.95.52.96,75382,20/02/1956
929,Winfield,Vermer,wvermerps@nationalgeographic.com,Male,194.148.0.71,23214,03/11/1990
930,Alexei,Woolgar,awoolgarpt@etsy.com,Male,179.115.132.112,91720,09/01/1982
931,Gallagher,Wulfinger,gwulfingerpu@xing.com,Male,90.121.10.166,73908,15/04/1987
932,Jamie,Cicchitello,jcicchitellopv@github.com,Male,66.40.38.65,22337,13/01/1995
933,Elvina,Acom,eacompw@mozilla.org,Female,138.213.164.206,39861,02/01/1970
934,Corri,Albon,calbonpx@apache.org,Female,106.181.169.88,14761,06/11/1969
935,Geno,Danskine,gdanskinepy@myspace.com,Male,195.140.227.80,41619,18/02/1989
936,Cordelia,Carlyon,ccarlyonpz@xrea.com,Female,243.181.180.247,39405,10/06/1951
937,Kyle,Lowrance,klowranceq0@w3.org,Male,226.125.112.167,94138,05/10/2001
938,Sarina,Baldazzi,sbaldazziq1@privacy.gov.au,Female,145.231.126.90,87908,09/10/1976
939,Dav,Sarchwell,dsarchwellq2@yolasite.com,Male,58.132.138.246,22477,25/06/2001
940,Jedediah,Sleath,jsleathq3@photobucket.com,Male,25.59.11.153,41516,17/02/1991
941,Sharleen,Ick,sickq4@shinystat.com,Female,95.27.52.244,25437,28/12/1985
942,Xylina,Hall,xhallq5@businessinsider.com,Female,69.155.60.230,107502,13/04/1984
943,Hugh,Lecordier,hlecordierq6@comcast.net,Male,10.172.53.119,30261,17/05/1958
944,Gaylene,Foulser,gfoulserq7@tripadvisor.com,Female,210.86.189.104,92634,18/06/1989
945,Pinchas,Turvey,pturveyq8@t.co,Male,49.137.194.183,38666,25/08/1948
946,Lonny,Pumfrett,lpumfrettq9@barnesandnoble.com,Male,235.164.188.147,50190,14/07/1954
947,Quintin,Tonner,qtonnerqa@indiatimes.com,Male,103.236.65.222,31445,25/11/1948
948,Josee,Smewin,jsmewinqb@amazon.co.uk,Female,225.220.84.86,49580,26/11/1974
949,Wolfie,Chritchlow,wchritchlowqc@accuweather.com,Male,168.6.136.84,14571,05/10/1952
950,Fielding,Satterfitt,fsatterfittqd@github.io,Male,139.192.31.50,59096,21/08/1967
951,Marjory,Gleeson,mgleesonqe@bandcamp.com,Female,52.35.223.42,106018,21/06/1998
952,Quincey,Ledgley,qledgleyqf@opera.com,Male,214.119.103.88,65440,17/09/1961
953,Teresa,Tregea,ttregeaqg@fema.gov,Female,203.120.226.149,27018,03/04/1950
954,Briney,Manis,bmanisqh@blinklist.com,Female,20.43.170.68,96452,07/05/1979
955,Earvin,Harlin,eharlinqi@uol.com.br,Male,152.208.153.129,86445,12/01/1961
956,Isabelita,Eatock,ieatockqj@marriott.com,Female,7.101.133.73,28730,04/01/1974
957,Konstance,Dymoke,kdymokeqk@digg.com,Female,145.53.185.44,29853,15/08/1990
958,Concordia,Holsall,cholsallql@moonfruit.com,Female,122.240.208.166,74106,30/10/1959
959,Gawen,Batalle,gbatalleqm@ifeng.com,Male,121.114.201.241,33521,26/02/1974
960,Quentin,Pendergast,qpendergastqn@theatlantic.com,Female,58.203.124.105,33397,19/02/1988
961,Iver,Turner,iturnerqo@gnu.org,Male,217.245.43.9,73373,09/12/1990
962,Errick,Harrigan,eharriganqp@tumblr.com,Male,32.249.245.40,37993,04/06/1999
963,Martica,Yare,myareqq@gov.uk,Female,113.77.157.199,109286,21/05/1964
964,Karlens,Pevsner,kpevsnerqr@people.com.cn,Male,88.124.31.112,71616,19/09/1960
965,Harlin,Portingale,hportingaleqs@wikimedia.org,Male,119.141.128.134,37480,03/09/1960
966,Valaria,Yewman,vyewmanqt@xinhuanet.com,Female,136.96.106.49,68547,03/11/1983
967,Curt,Metzing,cmetzingqu@51.la,Male,167.42.142.132,50894,25/12/1972
968,Gloria,Sivyour,gsivyourqv@1688.com,Female,18.1.249.159,84525,27/07/1950
969,Constantino,Mateo,cmateoqw@vimeo.com,Male,201.109.202.128,35274,18/08/1972
970,Almira,Seedhouse,aseedhouseqx@dailymail.co.uk,Female,25.53.62.168,68291,22/04/1960
971,Myron,Hadwick,mhadwickqy@mozilla.com,Male,6.189.228.176,81430,07/10/1964
972,Aldrich,Spiers,aspiersqz@geocities.jp,Male,12.232.189.129,25201,30/05/1957
973,Jimmie,Tewkesbury,jtewkesburyr0@google.com.br,Male,131.95.127.238,100995,26/06/1956
974,Humberto,Richemond,hrichemondr1@i2i.jp,Male,42.4.255.229,31267,18/11/1982
975,Josefa,Kilgannon,jkilgannonr2@dell.com,Female,251.44.90.55,79786,03/06/1962
976,Hetti,Napoli,hnapolir3@ucoz.ru,Female,129.90.225.190,31018,26/11/2001
977,Ciro,Folkes,cfolkesr4@apache.org,Male,213.217.53.26,80157,02/10/1992
978,Jonas,Philipp,jphilippr5@fotki.com,Male,66.213.199.54,16639,05/03/1964
979,Freeland,Chilley,fchilleyr6@freewebs.com,Male,34.171.35.183,20191,18/09/1979
980,Lida,Skpsey,lskpseyr7@cornell.edu,Female,125.203.198.120,56701,13/12/1983
981,Gawen,Batterham,gbatterhamr8@netvibes.com,Male,156.137.50.191,68022,11/02/1953
982,Maitilde,Cherry,mcherryr9@usnews.com,Female,60.222.18.49,94736,30/04/1989
983,Monica,Goch,mgochra@histats.com,Female,51.101.9.185,100475,16/05/1953
984,Maud,Tuppeny,mtuppenyrb@xing.com,Female,131.44.69.165,89263,20/10/1996
985,Cross,Corneck,ccorneckrc@independent.co.uk,Male,145.43.7.100,10548,15/11/1963
986,Gabriel,Tregunna,gtregunnard@icio.us,Female,228.235.171.252,30372,03/09/1969
987,Vikky,Fogg,vfoggre@time.com,Female,187.64.10.240,102876,29/05/1974
988,Trace,Screeton,tscreetonrf@liveinternet.ru,Male,248.178.37.141,82463,26/03/1996
989,Ira,Hollingdale,ihollingdalerg@archive.org,Female,9.62.33.206,71650,12/01/1975
990,Talya,Morritt,tmorrittrh@timesonline.co.uk,Female,183.225.0.95,69385,26/07/1981
991,Livvy,Butters,lbuttersri@tuttocitta.it,Female,219.252.247.6,17097,06/03/1971
992,Hermy,Ayton,haytonrj@timesonline.co.uk,Male,241.192.85.23,49487,12/08/1953
993,Isidoro,Misk,imiskrk@yahoo.co.jp,Male,234.229.60.109,43102,23/03/1994
994,Elli,Gawke,egawkerl@chronoengine.com,Female,69.170.125.57,78451,10/08/1997
995,Warner,Bumpas,wbumpasrm@skype.com,Male,16.174.180.67,51278,03/08/1984
996,Innis,Lindell,ilindellrn@privacy.gov.au,Male,33.228.210.6,26023,06/02/1970
997,Edin,Gajewski,egajewskiro@privacy.gov.au,Female,7.180.8.157,18719,26/09/1971
998,Seymour,Boobier,sboobierrp@noaa.gov,Male,105.196.207.20,22734,28/07/1999
999,Gerick,Seyers,gseyersrq@unc.edu,Male,220.22.200.1,85659,10/11/1950
1000,Dulcine,Hearl,dhearlrr@tripadvisor.com,Female,21.39.192.200,85235,09/03/2000
